RunId,MachineGroupId,GpuScore,CpuMultiScore,Score
RUN-GAMING-001,amdryzen55500__geforcertx30508gb,12460,19252,7185
RUN-GAMING-002,amdryzen55500__geforcertx306012gb,16710,19252,9680
RUN-GAMING-003,amdryzen55500__geforcertx4060ti8gb,22596,19252,13197
RUN-GAMING-004,amdryzen55500__geforcertx4070super,29942,19252,17775
RUN-GAMING-005,amdryzen55500__geforcertx4080super,34225,19252,20502
RUN-GAMING-006,amdryzen55500__geforcertx5050,16839,19252,10980
RUN-GAMING-007,amdryzen55500__geforcertx5060,20659,19252,13772
RUN-GAMING-008,amdryzen55500__geforcertx5060ti16gb,22619,19252,15440
RUN-GAMING-009,amdryzen55500__geforcertx5070,28652,19252,18835
RUN-GAMING-010,amdryzen55500__geforcertx5070ti,32346,19252,21423
RUN-GAMING-011,amdryzen55500__geforcertx5080,35623,19252,20709
RUN-GAMING-012,amdryzen55500__geforcertx5080,35623,19252,21833
RUN-GAMING-013,intelcorei312100f__geforcertx30508gb,12460,13953,7031
RUN-GAMING-014,intelcorei312100f__geforcertx306012gb,16710,13953,9528
RUN-GAMING-015,intelcorei312100f__geforcertx4060ti8gb,22596,13953,12646
RUN-GAMING-016,intelcorei312100f__geforcertx4070super,29942,13953,16349
RUN-GAMING-017,intelcorei312100f__geforcertx4080super,34225,13953,19109
RUN-GAMING-018,intelcorei312100f__geforcertx5050,16839,13953,10322
RUN-GAMING-019,intelcorei312100f__geforcertx5060,20659,13953,12970
RUN-GAMING-021,intelcorei312100f__geforcertx5070,28652,13953,17282
RUN-GAMING-022,intelcorei312100f__geforcertx5070ti,32346,13953,19073
RUN-GAMING-023,intelcorei312100f__geforcertx5080,35623,13953,23217
RUN-GAMING-024,intelcorei312100f__geforcertx5080,35623,13953,21194
RUN-GAMING-025,amdryzen55600g__geforcertx30508gb,12460,19636,7437
RUN-GAMING-026,amdryzen55600g__geforcertx306012gb,16710,19636,9823
RUN-GAMING-027,amdryzen55600g__geforcertx4060ti8gb,22596,19636,13145
RUN-GAMING-028,amdryzen55600g__geforcertx4070super,29942,19636,17894
RUN-GAMING-029,amdryzen55600g__geforcertx4080super,34225,19636,20275
RUN-GAMING-030,amdryzen55600g__geforcertx5050,16839,19636,10569
RUN-GAMING-031,amdryzen55600g__geforcertx5060,20659,19636,13664
RUN-GAMING-033,amdryzen55600g__geforcertx5070,28652,19636,18306
RUN-GAMING-034,amdryzen55600g__geforcertx5070ti,32346,19636,20722
RUN-GAMING-035,amdryzen55600g__geforcertx5080,35623,19636,21542
RUN-GAMING-036,amdryzen55600g__geforcertx5080,35623,19636,21353
RUN-GAMING-037,intelcorei511600__geforcertx30508gb,12460,17950,7019
RUN-GAMING-038,intelcorei511600__geforcertx306012gb,16710,17950,9541
RUN-GAMING-039,intelcorei511600__geforcertx4060ti8gb,22596,17950,12505
RUN-GAMING-040,intelcorei511600__geforcertx4070super,29942,17950,17521
RUN-GAMING-041,intelcorei511600__geforcertx4070super,29942,17950,17386
RUN-GAMING-042,intelcorei511600__geforcertx5060,20659,17950,13226
RUN-GAMING-043,intelcorei511600__geforcertx5060ti16gb,22619,17950,14885
RUN-GAMING-044,intelcorei511600__geforcertx5070,28652,17950,18839
RUN-GAMING-045,intelcorei511600__geforcertx5070,28652,17950,18055
RUN-GAMING-046,intelcorei511600__geforcertx5070,28652,17950,17980
RUN-GAMING-047,intelcorei511600__geforcertx5070ti,32346,17950,20343
RUN-GAMING-048,intelcorei511600__geforcertx5070ti,32346,17950,20279
RUN-GAMING-049,intelcorei511600__geforcertx5070ti,32346,17950,20232
RUN-GAMING-050,intelcorei511600__geforcertx5070ti,32346,17950,19940
RUN-GAMING-051,intelcorei511600__geforcertx5070ti,32346,17950,19350
RUN-GAMING-052,intelcorei511600__geforcertx5080,35623,17950,21592
RUN-GAMING-053,intelcorei511600__geforcertx5080,35623,17950,21522
RUN-GAMING-054,intelcorei511600__geforcertx5080,35623,17950,19519
RUN-GAMING-055,amdryzen59500f__geforcertx306012gb,16710,28312,8960
RUN-GAMING-056,amdryzen59500f__geforcertx4060ti8gb,22596,28312,12686
RUN-GAMING-057,amdryzen59500f__geforcertx4070super,29942,28312,18726
RUN-GAMING-058,amdryzen59500f__geforcertx4080super,34225,28312,22435
RUN-GAMING-059,amdryzen59500f__geforcertx5050,16839,28312,10380
RUN-GAMING-060,amdryzen59500f__geforcertx5060,20659,28312,14310
RUN-GAMING-061,amdryzen59500f__geforcertx5060ti16gb,22619,28312,16622
RUN-GAMING-062,amdryzen59500f__geforcertx5070,28652,28312,21143
RUN-GAMING-063,amdryzen59500f__geforcertx5070ti,32346,28312,23262
RUN-GAMING-064,amdryzen59500f__geforcertx5080,35623,28312,25819
RUN-GAMING-065,amdryzen59500f__geforcertx5080,35623,28312,25542
RUN-GAMING-066,intelcorei514400__geforcertx30508gb,12460,25078,6914
RUN-GAMING-067,intelcorei514400__geforcertx306012gb,16710,25078,9472
RUN-GAMING-068,intelcorei514400__geforcertx4060ti8gb,22596,25078,13924
RUN-GAMING-069,intelcorei514400__geforcertx4070super,29942,25078,19319
RUN-GAMING-070,intelcorei514400__geforcertx5050,16839,25078,10462
RUN-GAMING-071,intelcorei514400__geforcertx5060,20659,25078,14465
RUN-GAMING-072,intelcorei514400__geforcertx5060ti16gb,22619,25078,16782
RUN-GAMING-073,intelcorei514400__geforcertx5070,28652,25078,21365
RUN-GAMING-074,intelcorei514400__geforcertx5070ti,32346,25078,24125
RUN-GAMING-075,intelcorei514400__geforcertx5070ti,32346,25078,23575
RUN-GAMING-076,intelcorei514400__geforcertx5070ti,32346,25078,23438
RUN-GAMING-077,intelcorei514400__geforcertx5080,35623,25078,26313
RUN-GAMING-078,intelcorei514400__geforcertx5080,35623,25078,26074
RUN-GAMING-079,intelcorei514400__geforcertx5080,35623,25078,25790
RUN-GAMING-080,intelcoreultra7265kf__geforcertx30508gb,12460,58517,7144
RUN-GAMING-081,intelcoreultra7265kf__geforcertx306012gb,16710,58517,10271
RUN-GAMING-082,intelcoreultra7265kf__geforcertx4060ti8gb,22596,58517,14386
RUN-GAMING-083,intelcoreultra7265kf__geforcertx4070super,29942,58517,22437
RUN-GAMING-084,intelcoreultra7265kf__geforcertx4080super,34225,58517,28307
RUN-GAMING-085,intelcoreultra7265kf__geforcertx5050,16839,58517,12186
RUN-GAMING-086,intelcoreultra7265kf__geforcertx5060,20659,58517,15842
RUN-GAMING-087,intelcoreultra7265kf__geforcertx5060ti16gb,22619,58517,19026
RUN-GAMING-088,intelcoreultra7265kf__geforcertx5070,28652,58517,24816
RUN-GAMING-089,intelcoreultra7265kf__geforcertx5070ti,32346,58517,29725
RUN-GAMING-090,intelcoreultra7265kf__geforcertx5080,35623,58517,34020
RUN-GAMING-091,amdryzen77800x3d__geforcertx30508gb,12460,34277,7418
RUN-GAMING-092,amdryzen77800x3d__geforcertx306012gb,16710,34277,10596
RUN-GAMING-093,amdryzen77800x3d__geforcertx4060ti8gb,22596,34277,15108
RUN-GAMING-094,amdryzen77800x3d__geforcertx4070super,29942,34277,21596
RUN-GAMING-095,amdryzen77800x3d__geforcertx4080super,34225,34277,27079
RUN-GAMING-096,amdryzen77800x3d__geforcertx5050,16839,34277,11385
RUN-GAMING-097,amdryzen77800x3d__geforcertx5060,20659,34277,15669
RUN-GAMING-098,amdryzen77800x3d__geforcertx5060ti16gb,22619,34277,18018
RUN-GAMING-099,amdryzen77800x3d__geforcertx5070,28652,34277,23235
RUN-GAMING-100,amdryzen77800x3d__geforcertx5070ti,32346,34277,28302
RUN-GAMING-101,amdryzen77800x3d__geforcertx5080,35623,34277,31820
RUN-GAMING-102,intelcorei714700f__geforcertx30508gb,12460,41313,7275
RUN-GAMING-103,intelcorei714700f__geforcertx306012gb,16710,41313,10173
RUN-GAMING-104,intelcorei714700f__geforcertx4060ti8gb,22596,41313,15225
RUN-GAMING-105,intelcorei714700f__geforcertx4070super,29942,41313,22720
RUN-GAMING-106,intelcorei714700f__geforcertx4080super,34225,41313,28091
RUN-GAMING-107,intelcorei714700f__geforcertx5050,16839,41313,11274
RUN-GAMING-108,intelcorei714700f__geforcertx5060,20659,41313,15804
RUN-GAMING-109,intelcorei714700f__geforcertx5060ti16gb,22619,41313,19515
RUN-GAMING-110,intelcorei714700f__geforcertx5070,28652,41313,25004
RUN-GAMING-111,intelcorei714700f__geforcertx5070ti,32346,41313,29786
RUN-GAMING-112,intelcorei714700f__geforcertx5080,35623,41313,34053
RUN-GAMING-113,intelcorei714700f__geforcertx5080,35623,41313,33143
RUN-GAMING-114,intelcoreultra7265f__geforcertx30508gb,12460,49402,6838
RUN-GAMING-115,intelcoreultra7265f__geforcertx306012gb,16710,49402,9529
RUN-GAMING-116,intelcoreultra7265f__geforcertx4060ti8gb,22596,49402,14305
RUN-GAMING-117,intelcoreultra7265f__geforcertx4070super,29942,49402,22193
RUN-GAMING-118,intelcoreultra7265f__geforcertx4080super,34225,49402,25337
RUN-GAMING-119,intelcoreultra7265f__geforcertx5050,16839,49402,10959
RUN-GAMING-120,intelcoreultra7265f__geforcertx5060,20659,49402,15536
RUN-GAMING-121,intelcoreultra7265f__geforcertx5060ti16gb,22619,49402,17104
RUN-GAMING-122,intelcoreultra7265f__geforcertx5070,28652,49402,24046
RUN-GAMING-123,intelcoreultra7265f__geforcertx5070ti,32346,49402,27980
RUN-GAMING-124,intelcoreultra7265f__geforcertx5080,35623,49402,31308
RUN-GAMING-125,intelcoreultra7265f__geforcertx5080,35623,49402,30789
RUN-GAMING-126,intelcorei714700k__geforcertx306012gb,16710,51957,10822
RUN-GAMING-127,intelcorei714700k__geforcertx4060ti8gb,22596,51957,14668
RUN-GAMING-128,intelcorei714700k__geforcertx30508gb,12460,51957,7832
RUN-GAMING-129,intelcorei714700k__geforcertx4060ti8gb,22596,51957,15191
RUN-GAMING-130,intelcorei714700k__geforcertx5050,16839,51957,10743
RUN-GAMING-131,intelcorei714700k__geforcertx5060ti16gb,22619,51957,18420
RUN-GAMING-132,intelcorei714700k__geforcertx5080,35623,51957,35528
RUN-GAMING-133,amdryzen99900x3d__geforcertx5080,35623,56127,31883
RUN-GAMING-134,amdryzen99900x3d__geforcertx4060ti8gb,22596,56127,13880
RUN-GAMING-135,amdryzen99900x3d__geforcertx5060ti16gb,22619,56127,17308
RUN-GAMING-136,intelcorei914900k__geforcertx4060ti8gb,22596,58253,16774
RUN-GAMING-137,intelcorei914900k__geforcertx5060ti16gb,22619,58253,18806
RUN-GAMING-138,intelcorei914900k__geforcertx5070,28652,58253,27085
RUN-GAMING-139,intelcorei914900k__geforcertx5070ti,32346,58253,31054
RUN-GAMING-140,intelcorei914900k__geforcertx5080,35623,58253,35820
RUN-GAMING-141,intelcoreultra9285k__geforcertx5080,35623,67264,35208
RUN-GAMING-142,intelcoreultra9285k__geforcertx4060ti8gb,22596,67264,14463
RUN-GAMING-143,intelcoreultra9285k__geforcertx5050,16839,67264,11158
RUN-GAMING-144,amdryzen99950x3d__geforcertx5050,16839,70109,13698
RUN-GAMING-145,amdryzen99950x3d__geforcertx4060ti8gb,22596,70109,15875
RUN-GAMING-146,amdryzen99950x3d__geforcertx5080,35623,70109,34272
