PcId,ProductName,Store,PriceVnd,CpuModel,GpuModel,RamCapacityGb,SsdCapacityGb,SourceUrl,CheckedAt,ImageUrl
PC-016,PC Gaming KTH PLUS i3-12 RTX3050,Kênh Tin Học,9950000,Intel Core i3-12100F,GeForce RTX 3050 8GB,8,240,https://kenhtinhoc.vn/pc-gaming-kth-plus-i3-12-rtx3050/,2026-10-01,/images/pcs/PC-016.jpg
PC-031,PC TTG AMD GAMING Ryzen 5 5500 - RTX 3050 6GB (All NEW - Bảo hành 36 tháng),TTG,14280000,AMD Ryzen 5 5500,GeForce RTX 3050 6GB,16,256,https://ttgshop.vn/pc-ttg-amd-ryzen-5-5500-rtx-3050-6gb,2026-10-04,/images/pcs/PC-031.jpg
PC-032,PC TTG GAMING i5 12400F - 8GB DDR4 - RTX 3050 6GB,TTG,14680000,Intel Core i5-12400F,GeForce RTX 3050 6GB,8,256,https://ttgshop.vn/pc-ttg-gaming-i5-12400f-8gb-ddr4-rtx-3050-6gb,2026-10-04,/images/pcs/PC-032.jpg
PC-033,PC TTG AMD GAMING Ryzen 5 5500 - 8GB DDR4 - RTX 3050 8GB,TTG,14680000,AMD Ryzen 5 5500,GeForce RTX 3050 8GB,8,256,https://ttgshop.vn/pc-ttg-amd-gaming-ryzen-5-5500-8gb-ddr4-rtx-3050-8gb,2026-10-04,/images/pcs/PC-033.png
PC-021,PC WHITE i3-12100F RTX 3060 12GB,PCMarket,14790000,Intel Core i3-12100F,GeForce RTX 3060 12GB,16,500,https://pcmarket.vn/pc-white-gaming-rtx-3060-12gb-i3-12100f-all-new.html,2026-10-01,/images/pcs/PC-021.jpg
PC-019,PC TTG Ryzen 5 5500 RTX 3050 8GB,TTG,15480000,AMD Ryzen 5 5500,GeForce RTX 3050 8GB,16,256,https://ttgshop.vn/pc-ttg-amd-ryzen-5-5500-rtx-3050-8gb,2026-10-01,/images/pcs/PC-019.png
PC-011,PC ASUS i3-3050,Nguyễn Thuận,16180000,Intel Core i3-12100F,GeForce RTX 3050 6GB,16,256,https://thuancomputer.com/pc-asus-i3-3050-i3-12100f-rtx-3050-6gb-ram-16gb-ssd-256gb-550w/,2026-10-01,/images/pcs/PC-011.png
PC-014,PC TTG i3-12100F RTX 3050 8GB,TTG,16280000,Intel Core i3-12100F,GeForce RTX 3050 8GB,16,256,https://ttgshop.vn/pc-ttg-gaming-i3-12100f-rtx-3050-8gb,2026-10-01,/images/pcs/PC-014.png
PC-008,PC XG 3050 Core i3,XGEAR,17190000,Intel Core i3-12100F,GeForce RTX 3050 6GB,16,256,https://xgear.net/products/pc-xg-3050-core-i3,2026-10-01,/images/pcs/PC-008.webp
PC-035,PC TTG GAMING i5 14400F - RTX 3050 6GB (ALL NEW - Bảo hành 36 tháng),TTG,17680000,Intel Core i5-14400F,GeForce RTX 3050 6GB,16,512,https://ttgshop.vn/pc-ttg-gaming-i5-14400f-rtx-3050-6gb,2026-10-04,/images/pcs/PC-035.png
PC-036,PC TTG GAMING i5 12400F - 8GB DDR4 - RTX 3060 12GB,TTG,19280000,Intel Core i5-12400F,GeForce RTX 3060 12GB,8,256,https://ttgshop.vn/pc-ttg-gaming-i5-12400f-8gb-ddr4-rtx-3060-12gb,2026-10-04,/images/pcs/PC-036.jpg
PC-027,PC Gaming Glacier i5060,TNC Store,19349000,Intel Core i3-12100F,GeForce RTX 5060,16,256,https://www.tncstore.vn/pc-gaming-glacier-i5060.html,2026-10-01,/images/pcs/PC-027.jpg
PC-034,PC TTG AMD Ryzen 5 5500 - RTX 5050 8GB OC,TTG,19680000,AMD Ryzen 5 5500,GeForce RTX 5050,16,512,https://ttgshop.vn/pc-ttg-amd-ryzen-5-5500-rtx-5050-8gb-oc,2026-10-04,/images/pcs/PC-034.png
PC-040,PC TTG AMD GAMING Ryzen 5 5500 - RTX 3060 12GB (All NEW - Bảo hành 36 tháng),TTG,20680000,AMD Ryzen 5 5500,GeForce RTX 3060 12GB,16,512,https://ttgshop.vn/pc-ttg-amd-ryzen-5-5500-rtx-3060-12gb,2026-10-04,/images/pcs/PC-040.jpg
PC-037,PC TTG ULTRA GAMING I5 14400F - RTX 5050 8GB,TTG,22680000,Intel Core i5-14400F,GeForce RTX 5050,16,512,https://ttgshop.vn/pc-ttg-ultra-gaming-i5-14400f-rtx-5050-8gb,2026-10-04,/images/pcs/PC-037.png
PC-038,PC TTG GAMING i7 12700KF - RTX 3050 8GB (All NEW - Bảo hành 36 tháng),TTG,23280000,Intel Core i7-12700KF,GeForce RTX 3050 8GB,16,512,https://ttgshop.vn/pc-ttg-gaming-i7-12700kf-rtx-3050-8gb,2026-10-04,/images/pcs/PC-038.png
PC-039,PC GVN Intel i5-12400F/ VGA RTX 3060 (Main H),GEARVN,24490000,Intel Core i5-12400F,GeForce RTX 3060 12GB,16,512,https://gearvn.com/products/pc-gvn-intel-i5-12400f-vga-rtx-3060-main-h-1,2026-10-04,/images/pcs/PC-039.webp
PC-044,PC PREMIUM TTG GAMING i5 14400F | 16GB DDR4 | RTX 5060 Ti 8GB OC 3FAN,TTG,28480000,Intel Core i5-14400F,GeForce RTX 5060 Ti 8GB,16,512,https://ttgshop.vn/pc-premium-ttg-gaming-i5-14400f-16gb-ddr4-rtx-5060-ti-8gb-oc-3fan,2026-10-04,/images/pcs/PC-044.png
PC-028,PC MEGA GORIKY,MEGA,29870000,Intel Core i5-14400,GeForce RTX 5060,16,256,https://mega.com.vn/pc-mega-goriky,2026-10-01,/images/pcs/PC-028.webp
PC-042,PC TTG GAMING PRO I7 12700KF - 16GB DDR4 - RTX 5060 Ti 8GB (ALL NEW - Bảo hành 36 tháng),TTG,31980000,Intel Core i7-12700KF,GeForce RTX 5060 Ti 8GB,16,512,https://ttgshop.vn/pc-ttg-gaming-pro-i7-12700kf-16gb-ddr4-rtx-5060-ti-8gb,2026-10-04,/images/pcs/PC-042.jpg
PC-041,PC TTG GAMING ULTRA 7 265KF - RTX 5050 8GB ( ALL NEW - Bảo hành 36 tháng),TTG,33980000,Intel Core Ultra 7 265KF,GeForce RTX 5050,16,512,https://ttgshop.vn/pc-ttg-gaming-ultra-7-265kf-rtx-5050-8gb,2026-10-04,/images/pcs/PC-041.png
PC-043,PC GVN Intel i5-12400F/ VGA RTX 5060 Ti,GEARVN,34090000,Intel Core i5-12400F,GeForce RTX 5060 Ti 16GB,16,512,https://gearvn.com/products/pc-gvn-intel-i5-13400f-vga-rtx-5060-ti,2026-10-04,/images/pcs/PC-043.webp
PC-045,PC TTG ULTRA GAMING i5 12600KF- 16GB DDR4 - RTX 5060 Ti 16GB,TTG,34980000,Intel Core i5-12600KF,GeForce RTX 5060 Ti 16GB,16,512,https://ttgshop.vn/pc-ttg-ultra-gaming-i5-12600kf-16gb-ddr4-rtx-5060-ti-16gb,2026-10-04,/images/pcs/PC-045.jpg
PC-046,PC GAMING TTG PRO i5 14400F | 16GB DDR4 | RTX 5060 Ti OC 16GB WHITE,TTG,37280000,Intel Core i5-14400F,GeForce RTX 5060 Ti 16GB,16,512,https://ttgshop.vn/pc-gaming-ttg-pro-i5-14400f-16gb-ddr4-rtx-5060-ti-oc-16gb-white,2026-10-04,/images/pcs/PC-046.jpg
PC-050,PC TTG ULTRA GAMING i7 12700KF - 16GB DDR4- RTX 5060 Ti 16GB,TTG,37980000,Intel Core i7-12700KF,GeForce RTX 5060 Ti 16GB,16,512,https://ttgshop.vn/pc-ttg-ultra-gaming-i7-12700kf-16gb-ddr4-rtx-5060-ti-16gb,2026-10-04,/images/pcs/PC-050.jpg
PC-047,PC ASUS GAMING PRO RYZEN 7 7800X3D | 16GB DDR5 | RTX 5060 Ti 8GB OC,TTG,38280000,AMD Ryzen 7 7800X3D,GeForce RTX 5060 Ti 8GB,16,512,https://ttgshop.vn/pc-asus-gaming-pro-ryzen-7-7800x3d-16gb-ddr5-rtx-5060-ti-8gb-oc,2026-10-04,/images/pcs/PC-047.jpg
PC-048,PC TTG GAMING ULTRA 7 265KF - RTX 5060 Ti 8GB (All NEW - Bảo hành 36 tháng),TTG,39480000,Intel Core Ultra 7 265KF,GeForce RTX 5060 Ti 8GB,16,512,https://ttgshop.vn/pc-ttg-gaming-ultra-7-265kf-rtx-5060-ti-8gb,2026-10-04,/images/pcs/PC-048.jpg
PC-029,AORUS PRIME 3 AP3A5N6-5104,Dương Long,43490000,AMD Ryzen 5 9500F,GeForce RTX 5060,16,1000,https://duonglong.vn/may-bo-gaming-gigabyte-aorus-prime-3-ap351-ap3a5n6-5104,2026-10-01,/images/pcs/PC-029.webp
PC-049,PC TTG DESIGNER -3D RENDER - EDIT VIDEO ULTRA 7 265KF - RTX 5060 Ti 8GB (All NEW - Bảo hành 36 tháng),TTG,44980000,Intel Core Ultra 7 265KF,GeForce RTX 5060 Ti 8GB,32,512,https://ttgshop.vn/pc-ttg-designer-3d-render-edit-video-ultra-7-265kf-rtx-5060-ti-8gb,2026-10-04,/images/pcs/PC-049.jpg
PC-053,PC AMD GAMING TTG PRO RYZEN 7 7800X3D | 16GB DDR5 | RTX 5060 Ti 16GB OC,TTG,45280000,AMD Ryzen 7 7800X3D,GeForce RTX 5060 Ti 16GB,16,512,https://ttgshop.vn/pc-amd-gaming-ttg-pro-ryzen-7-7800x3d-16gb-ddr5-rtx-5060-ti-16gb-oc,2026-10-04,/images/pcs/PC-053.jpg
PC-052,PC TTG GAMING ULTRA 7 265KF - RTX 5060 Ti 16GB (All NEW - Bảo hành 36 tháng),TTG,45680000,Intel Core Ultra 7 265KF,GeForce RTX 5060 Ti 16GB,16,512,https://ttgshop.vn/pc-ttg-gaming-ultra-7-265kf-rtx-5060-ti-16gb,2026-10-04,/images/pcs/PC-052.jpg
PC-051,PC TTG PREMIUM GAMING RYZEN 7 7800X3D | 16GB DDR5 | RTX 5070 12GB OC WHITE,TTG,53980000,AMD Ryzen 7 7800X3D,GeForce RTX 5070,16,512,https://ttgshop.vn/pc-ttg-premium-gaming-ryzen-7-7800x3d-16gb-ddr5-rtx-5070-12gb-oc-white,2026-10-04,/images/pcs/PC-051.jpg
PC-030,AORUS PRIME 3 AP3A5N6T-5103,GEARVN,55900000,AMD Ryzen 5 9500F,GeForce RTX 5060 Ti 16GB,32,1000,https://gvnco.myharavan.com/products/pc-gvn-ai-gigabyte-aorus-prime-3,2026-10-01,/images/pcs/PC-030.jpg
PC-054,PC TTG PREMIUM GAMING RYZEN 7 7800X3D | 32GB DDR5 | RTX 5070 12GB OC BLACK,TTG,62980000,AMD Ryzen 7 7800X3D,GeForce RTX 5070,32,1000,https://ttgshop.vn/pc-ttg-premium-gaming-ryzen-7-7800x3d-32gb-ddr5-rtx-5070-12gb-oc-black,2026-10-04,/images/pcs/PC-054.jpg
PC-055,PC PREMIUM TTG GAMING RYZEN 7 7800X3D | 16GB DDR5 | RTX 5070 Ti 16GB OC 3 FAN,TTG,64680000,AMD Ryzen 7 7800X3D,GeForce RTX 5070 Ti,16,512,https://ttgshop.vn/pc-premium-ttg-gaming-ryzen-7-7800x3d-16gb-ddr5-rtx-5070-ti-16gb-oc-3-fan,2026-10-04,/images/pcs/PC-055.jpg
PC-056,PC GVN CUSTOM 0003 Ultra 9 285K - RTX 5080,GEARVN,130000000,Intel Core Ultra 9 285K,GeForce RTX 5080,64,1000,https://gearvn.com/products/pc-gvn-custom-0003-ultra-9-285k-rtx-5080,2026-10-04,/images/pcs/PC-056.jpg
