RunId,MachineGroupId,Split,GpuScore,CpuMultiScore,IsIntel,GpuGeneration,IsUltra,IsWindows11,Score
RUN-RENDER-001,amdryzen55500__geforcertx30508gb,test,12460,19252,0,30,0,1,9756
RUN-RENDER-002,amdryzen55500__geforcertx306012gb,train,16710,19252,0,30,0,1,12043
RUN-RENDER-003,amdryzen55500__geforcertx4060ti8gb,train,22596,19252,0,40,0,1,12205
RUN-RENDER-004,amdryzen55500__geforcertx4070super,train,29942,19252,0,40,0,0,13516
RUN-RENDER-005,amdryzen55500__geforcertx5060,test,20659,19252,0,50,0,0,12947
RUN-RENDER-006,intelcorei312100f__geforcertx30508gb,train,12460,13953,1,30,0,1,10224
RUN-RENDER-007,intelcorei312100f__geforcertx306012gb,train,16710,13953,1,30,0,0,11498
RUN-RENDER-008,intelcorei312100f__geforcertx4060ti8gb,train,22596,13953,1,40,0,0,12729
RUN-RENDER-009,amdryzen55600g__geforcertx30508gb,train,12460,19636,0,30,0,0,5497
RUN-RENDER-010,amdryzen55600g__geforcertx306012gb,train,16710,19636,0,30,0,1,11550
RUN-RENDER-011,amdryzen55600g__geforcertx4060ti8gb,test,22596,19636,0,40,0,1,12969
RUN-RENDER-012,amdryzen55600g__geforcertx5060ti16gb,train,22619,19636,0,50,0,0,13183
RUN-RENDER-013,amdryzen55600g__geforcertx5070,test,28652,19636,0,50,0,1,12411
RUN-RENDER-014,intelcorei511600__geforcertx30508gb,train,12460,17950,1,30,0,1,10250
RUN-RENDER-015,intelcorei511600__geforcertx306012gb,train,16710,17950,1,30,0,1,12125
RUN-RENDER-016,amdryzen59500f__geforcertx4080super,train,34225,28312,0,40,0,1,18769
RUN-RENDER-017,intelcorei514400__geforcertx30508gb,train,12460,25078,1,30,0,1,9439
RUN-RENDER-018,intelcorei514400__geforcertx4060ti8gb,train,22596,25078,1,40,0,1,16176
RUN-RENDER-019,intelcorei514400__geforcertx4070super,test,29942,25078,1,40,0,1,16610
RUN-RENDER-020,intelcorei514400__geforcertx5060,train,20659,25078,1,50,0,1,17373
RUN-RENDER-021,intelcoreultra7265kf__geforcertx306012gb,train,16710,58517,1,30,1,1,17477
RUN-RENDER-022,intelcoreultra7265kf__geforcertx4060ti8gb,train,22596,58517,1,40,1,1,22718
RUN-RENDER-023,intelcoreultra7265kf__geforcertx4070super,test,29942,58517,1,40,1,1,25632
RUN-RENDER-024,intelcoreultra7265kf__geforcertx4080super,train,34225,58517,1,40,1,1,26573
RUN-RENDER-025,intelcoreultra7265kf__geforcertx5060,train,20659,58517,1,50,1,1,24106
RUN-RENDER-026,intelcoreultra7265kf__geforcertx5060ti16gb,train,22619,58517,1,50,1,1,24397
RUN-RENDER-027,intelcoreultra7265kf__geforcertx5070,train,28652,58517,1,50,1,1,27875
RUN-RENDER-028,intelcoreultra7265kf__geforcertx5070ti,train,32346,58517,1,50,1,1,29272
RUN-RENDER-029,intelcoreultra7265kf__geforcertx5080,train,35623,58517,1,50,1,1,30436
RUN-RENDER-030,amdryzen77800x3d__geforcertx30508gb,train,12460,34277,0,30,0,1,13750
RUN-RENDER-031,amdryzen77800x3d__geforcertx306012gb,test,16710,34277,0,30,0,1,14827
RUN-RENDER-032,amdryzen77800x3d__geforcertx4060ti8gb,test,22596,34277,0,40,0,1,15483
RUN-RENDER-033,amdryzen77800x3d__geforcertx4070super,train,29942,34277,0,40,0,1,18494
RUN-RENDER-034,amdryzen77800x3d__geforcertx4080super,test,34225,34277,0,40,0,1,19119
RUN-RENDER-035,amdryzen77800x3d__geforcertx5060,train,20659,34277,0,50,0,1,17423
RUN-RENDER-036,amdryzen77800x3d__geforcertx5060ti16gb,train,22619,34277,0,50,0,0,15426
RUN-RENDER-037,amdryzen77800x3d__geforcertx5070,train,28652,34277,0,50,0,1,21948
RUN-RENDER-038,amdryzen77800x3d__geforcertx5070ti,train,32346,34277,0,50,0,1,21786
RUN-RENDER-039,amdryzen77800x3d__geforcertx5070ti,train,32346,34277,0,50,0,1,21000
RUN-RENDER-040,amdryzen77800x3d__geforcertx5080,test,35623,34277,0,50,0,1,20199
RUN-RENDER-041,intelcorei714700f__geforcertx306012gb,train,16710,41313,1,30,0,1,19685
RUN-RENDER-042,intelcorei714700f__geforcertx4060ti8gb,train,22596,41313,1,40,0,1,19162
RUN-RENDER-043,intelcorei714700f__geforcertx4070super,train,29942,41313,1,40,0,1,19263
RUN-RENDER-044,intelcorei714700f__geforcertx4080super,train,34225,41313,1,40,0,1,25871
RUN-RENDER-045,intelcorei714700f__geforcertx5060,test,20659,41313,1,50,0,1,20519
RUN-RENDER-046,intelcorei714700f__geforcertx5060ti16gb,test,22619,41313,1,50,0,1,19904
RUN-RENDER-047,intelcorei714700f__geforcertx5070,train,28652,41313,1,50,0,1,22807
RUN-RENDER-048,intelcorei714700f__geforcertx5070ti,train,32346,41313,1,50,0,1,25230
RUN-RENDER-049,intelcorei714700f__geforcertx5070ti,train,32346,41313,1,50,0,1,21797
RUN-RENDER-050,intelcorei714700f__geforcertx5080,train,35623,41313,1,50,0,1,28901
RUN-RENDER-051,intelcoreultra7265f__geforcertx5060ti16gb,train,22619,49402,1,50,1,1,23128
RUN-RENDER-052,intelcoreultra7265f__geforcertx5070,train,28652,49402,1,50,1,1,26416
RUN-RENDER-053,intelcoreultra7265f__geforcertx5070ti,train,32346,49402,1,50,1,1,26481
RUN-RENDER-054,intelcoreultra7265f__geforcertx5080,test,35623,49402,1,50,1,1,30095
RUN-RENDER-055,intelcoreultra7265f__geforcertx5080,train,35623,49402,1,50,1,1,16062
RUN-RENDER-056,intelcorei714700k__geforcertx30508gb,train,12460,51957,1,30,0,1,18189
RUN-RENDER-057,intelcorei714700k__geforcertx306012gb,train,16710,51957,1,30,0,1,20506
RUN-RENDER-058,intelcorei714700k__geforcertx4060ti8gb,train,22596,51957,1,40,0,0,14294
RUN-RENDER-059,intelcorei714700k__geforcertx4070super,train,29942,51957,1,40,0,1,25418
RUN-RENDER-060,intelcorei714700k__geforcertx4080super,train,34225,51957,1,40,0,1,25652
RUN-RENDER-061,intelcorei714700k__geforcertx5060,train,20659,51957,1,50,0,1,22665
RUN-RENDER-062,intelcorei714700k__geforcertx5060ti16gb,train,22619,51957,1,50,0,1,24966
RUN-RENDER-063,intelcorei714700k__geforcertx5070ti,train,32346,51957,1,50,0,1,25871
RUN-RENDER-064,intelcorei714700k__geforcertx5070,train,28652,51957,1,50,0,0,17394
RUN-RENDER-065,intelcorei714700k__geforcertx5080,train,35623,51957,1,50,0,1,27295
RUN-RENDER-066,amdryzen99900x3d__geforcertx306012gb,train,16710,56127,0,30,0,1,18699
RUN-RENDER-067,amdryzen99900x3d__geforcertx4070super,train,29942,56127,0,40,0,1,15876
RUN-RENDER-068,amdryzen99900x3d__geforcertx4080super,train,34225,56127,0,40,0,0,11099
RUN-RENDER-069,amdryzen99900x3d__geforcertx5060ti16gb,train,22619,56127,0,50,0,0,20030
RUN-RENDER-070,amdryzen99900x3d__geforcertx5070,train,28652,56127,0,50,0,1,23525
RUN-RENDER-071,amdryzen99900x3d__geforcertx5070ti,test,32346,56127,0,50,0,1,25097
RUN-RENDER-072,amdryzen99900x3d__geforcertx5080,train,35623,56127,0,50,0,1,23466
RUN-RENDER-073,intelcorei914900k__geforcertx30508gb,train,12460,58253,1,30,0,1,18715
RUN-RENDER-074,intelcorei914900k__geforcertx306012gb,test,16710,58253,1,30,0,1,21275
RUN-RENDER-075,intelcorei914900k__geforcertx4060ti8gb,train,22596,58253,1,40,0,1,23205
RUN-RENDER-076,intelcorei914900k__geforcertx4070super,train,29942,58253,1,40,0,1,24210
RUN-RENDER-077,intelcorei914900k__geforcertx4080super,test,34225,58253,1,40,0,1,26019
RUN-RENDER-078,intelcorei914900k__geforcertx5060,test,20659,58253,1,50,0,1,24303
RUN-RENDER-079,intelcorei914900k__geforcertx5060ti16gb,train,22619,58253,1,50,0,1,25155
RUN-RENDER-080,intelcorei914900k__geforcertx5070,train,28652,58253,1,50,0,1,14964
RUN-RENDER-081,intelcorei914900k__geforcertx5070ti,test,32346,58253,1,50,0,1,29428
RUN-RENDER-082,intelcorei914900k__geforcertx5080,train,35623,58253,1,50,0,1,29737
RUN-RENDER-083,intelcoreultra9285k__geforcertx30508gb,train,12460,67264,1,30,1,1,19116
RUN-RENDER-084,intelcoreultra9285k__geforcertx306012gb,test,16710,67264,1,30,1,1,21352
RUN-RENDER-085,intelcoreultra9285k__geforcertx4060ti8gb,train,22596,67264,1,40,1,1,23899
RUN-RENDER-086,intelcoreultra9285k__geforcertx4070super,train,29942,67264,1,40,1,1,26363
RUN-RENDER-087,intelcoreultra9285k__geforcertx4080super,train,34225,67264,1,40,1,1,28260
RUN-RENDER-088,intelcoreultra9285k__geforcertx5060,train,20659,67264,1,50,1,1,25673
RUN-RENDER-089,intelcoreultra9285k__geforcertx5060ti16gb,train,22619,67264,1,50,1,1,26212
RUN-RENDER-090,intelcoreultra9285k__geforcertx5070,train,28652,67264,1,50,1,0,22219
RUN-RENDER-091,intelcoreultra9285k__geforcertx5070ti,test,32346,67264,1,50,1,1,30870
RUN-RENDER-092,intelcoreultra9285k__geforcertx5080,train,35623,67264,1,50,1,1,28067
RUN-RENDER-093,amdryzen99950x3d__geforcertx306012gb,train,16710,70109,0,30,0,1,20558
RUN-RENDER-094,amdryzen99950x3d__geforcertx4060ti8gb,train,22596,70109,0,40,0,1,18641
RUN-RENDER-095,amdryzen99950x3d__geforcertx5050,train,16839,70109,0,50,0,1,20143
RUN-RENDER-096,amdryzen99950x3d__geforcertx5060,train,20659,70109,0,50,0,1,23174
RUN-RENDER-097,amdryzen99950x3d__geforcertx5060ti16gb,train,22619,70109,0,50,0,1,22705
RUN-RENDER-098,amdryzen99950x3d__geforcertx5070,train,28652,70109,0,50,0,1,27248
RUN-RENDER-099,amdryzen99950x3d__geforcertx5070ti,train,32346,70109,0,50,0,1,26123
RUN-RENDER-100,amdryzen99950x3d__geforcertx5080,train,35623,70109,0,50,0,1,27181
