RunId,CpuModel,GpuModel,GraphicsType,VRamCapacityGb,RamCapacityGb,RamType,RamSpeedRaw,RamSpeedUnit,TestName,Metric,Score,SourceUrl,CheckedAt,ReviewStatus,ReviewNote,OperatingSystem,CpuKey,GpuKey,CpuMultiScore,GpuScore,IsIntel,IsUltra,GpuGeneration,IsWindows11
RUN-RENDER-071,AMD Ryzen 9 9900X3D,NVIDIA GeForce RTX 5070 Ti,DISCRETE,16.0,64,DDR5,5996,MHz,PCMark 10,RENDER,25097,https://www.3dmark.com/pcm10b/2186285,2026-09-16,ACCEPT,"Valid result; Productivity score 11764 được sử dụng làm target, không phải PCMark 10 Overall score 9200. CPU clock 5625 MHz; RAM 64GB DDR5 @ 5996 MHz. Spreadsheets đã sử dụng AMD gfx1036 thay vì RTX 5070 Ti rời, nên cần xem lại việc chọn workload device trước khi ACCEPT. Windows 11; driver 32.0.15.7688; VBS/HVCI Running.",Win 11,amdryzen99900x3d,geforcertx5070ti,56127,32346,0,0,50.0,1
RUN-RENDER-079,Intel Core i9 processor 14900K,NVIDIA GeForce RTX 5060 Ti 16 GB,DISCRETE,16.0,48,DDR5,6000,MHz,PCMark 10,RENDER,25155,https://www.3dmark.com/pcm10b/2194421,2026-09-16,ACCEPT,"Valid result; Productivity score 9544 được sử dụng làm target, không phải PCMark 10 Overall score 9293. CPU clock 6000 MHz rất cao, nên cần xem lại điều kiện boost/overclock trước khi ACCEPT. RAM 48GB DDR5 @ 6000 MHz. GPU memory được báo cáo chính xác là 16384 MB. Windows 11; driver 32.0.15.7688; VBS/HVCI Running.",Win 11,intelcorei914900k,geforcertx5060ti16gb,58253,22619,1,0,50.0,1
RUN-RENDER-048,Intel Core i7 processor 14700F,NVIDIA GeForce RTX 5070 Ti,DISCRETE,16.0,64,DDR5,5586,MHz,PCMark 10,RENDER,25230,https://www.3dmark.com/pcm10b/2163202,2026-09-16,ACCEPT,"Valid result; Productivity score 8247 được sử dụng làm target, không phải PCMark 10 Overall score 8784. CPU clock 2343 MHz thấp bất thường đối với Intel Core i7 processor 14700F, nên kiểm tra lại cấu hình power/performance trước khi ACCEPT. RAM total được báo cáo là 32558 MB, nhưng không có thông tin về module và memory type/speed, nên RamType và RamSpeedRaw để trống. Spreadsheets sử dụng CPU. GPU memory clock được báo cáo là 14001 MHz, khác với cách hiển thị trong nhiều runs khác và cần được kiểm tra lại. Windows 11; driver 32.0.15.7260; VBS/HVCI Disabled.",Win 11,intelcorei714700f,geforcertx5070ti,41313,32346,1,0,50.0,1
RUN-RENDER-001,AMD Ryzen 5 5500,NVIDIA GeForce RTX 3050 8GB,DISCRETE,8.0,16,DDR4,2128,MHz,PCMark 10,RENDER,9756,https://www.3dmark.com/pcm10b/2078935,2026-09-15,ACCEPT,"Valid result; Productivity score 9021 được sử dụng làm target, không phải PCMark 10 Overall score 6467. CPU clock 4299 MHz; RAM 16GB DDR4 @ 2128 MHz. Windows 11; driver 32.0.15.6094; VBS/HVCI Disabled.",Win 11,amdryzen55500,geforcertx30508gb,19252,12460,0,0,30.0,1
RUN-RENDER-013,AMD Ryzen 5 5600G,NVIDIA GeForce RTX 5070,DISCRETE,12.0,32,DDR4,2128,MHz,PCMark 10,RENDER,12411,https://www.3dmark.com/pcm10b/2184740,2026-09-16,ACCEPT,"Valid result; Productivity score 5691 được sử dụng làm target, không phải PCMark 10 Overall score 5535. CPU clock 4503 MHz; RAM 32GB DDR4 @ 2128 MHz. Windows 11; driver 32.0.15.7680; VBS/HVCI Disabled.",Win 11,amdryzen55600g,geforcertx5070,19636,28652,0,0,50.0,1
RUN-RENDER-043,Intel Core i7 processor 14700F,NVIDIA GeForce RTX 4070 SUPER,DISCRETE,12.0,32,DDR5,4788,MHz,PCMark 10,RENDER,19263,https://www.3dmark.com/pcm10b/1898990,2026-09-16,ACCEPT,"Valid result; Productivity score 13190 được sử dụng làm target, không phải PCMark 10 Overall score 9280. CPU clock 5388 MHz; RAM 32GB @ 4788 MHz. Loại memory không được nguồn nêu rõ, nên RamType để trống. Windows 11; driver 31.0.15.5123; VBS/HVCI Running.",Win 11,intelcorei714700f,geforcertx4070super,41313,29942,1,0,40.0,1
RUN-RENDER-052,Intel Core Ultra 7 Processor 265F,NVIDIA GeForce RTX 5070,DISCRETE,12.0,32,DDR5,4794,MHz,PCMark 10,RENDER,26416,https://www.3dmark.com/pcm10b/2260952,2026-09-16,ACCEPT,"Valid result; Productivity score 8505 được sử dụng làm target, không phải PCMark 10 Overall score 8479. CPU clock 5300 MHz; RAM 32GB DDR5 @ 4794 MHz. Windows 11; driver 32.0.15.7652; VBS/HVCI Running.",Win 11,intelcoreultra7265f,geforcertx5070,49402,28652,1,1,50.0,1
RUN-RENDER-025,Intel Core Ultra 7 Processor 265KF,NVIDIA GeForce RTX 5060,DISCRETE,8.0,32,DDR5,5998,MHz,PCMark 10,RENDER,24106,https://www.3dmark.com/pcm10b/2255033,2026-09-16,ACCEPT,"Valid result; Productivity score 8625 được sử dụng làm target, không phải PCMark 10 Overall score 8383. CPU clock 5500 MHz; RAM 32GB DDR5 @ 5998 MHz. Windows 11; driver 32.0.15.7688; VBS/HVCI Disabled.",Win 11,intelcoreultra7265kf,geforcertx5060,58517,20659,1,1,50.0,1
RUN-RENDER-068,AMD Ryzen 9 9900X3D,NVIDIA GeForce RTX 4080 SUPER,DISCRETE,16.0,32,DDR5,6400,MHz,PCMark 10,RENDER,11099,https://www.3dmark.com/pcm10b/2167571,2026-09-16,ACCEPT,"Valid result; Productivity score 12719 được sử dụng làm target, không phải PCMark 10 Overall score 9267. CPU clock 5528 MHz; RAM 32GB DDR5 @ 6400 MHz. Windows 10; driver 32.0.15.7283; VBS/HVCI Disabled.",Win 10,amdryzen99900x3d,geforcertx4080super,56127,34225,0,0,40.0,0
RUN-RENDER-114,Intel Core i7-12700KF Processor,NVIDIA GeForce RTX 4070 SUPER,DISCRETE,12.0,32,DDR5,6000,MHz,PCMark 10,RENDER,22145,https://www.3dmark.com/pcm10b/2016932,2026-10-03,ACCEPT,,Win 11,intelcorei712700kf,geforcertx4070super,33914,29942,1,0,40.0,1
RUN-RENDER-090,Intel Core Ultra 9 Processor 285K,NVIDIA GeForce RTX 5070,DISCRETE,12.0,48,DDR5,7200,MHz,PCMark 10,RENDER,22219,https://www.3dmark.com/pcm10b/2175798,2026-09-16,ACCEPT,"Valid result; Productivity score 11904 được sử dụng làm target, không phải PCMark 10 Overall score 9581. CPU clock 5700 MHz; RAM 48GB DDR5 @ 7200 MHz. Spreadsheets đã sử dụng Intel Graphics thay vì RTX 5070 rời, nên cần xem lại việc chọn workload device trước khi ACCEPT. RAM speed cũng rất cao, nên cần xem lại điều kiện XMP/overclock. Windows 10; driver 32.0.15.7652; VBS/HVCI Disabled.",Win 10,intelcoreultra9285k,geforcertx5070,67264,28652,1,1,50.0,0
RUN-RENDER-016,AMD Ryzen 5 9500F,NVIDIA GeForce RTX 4080 SUPER,DISCRETE,16.0,32,DDR5,6004,MHz,PCMark 10,RENDER,18769,https://www.3dmark.com/pcm10b/2225532,2026-09-16,ACCEPT,"Valid result; Productivity score 12314 được sử dụng làm target, không phải PCMark 10 Overall score 9200. CPU clock 5080 MHz; RAM 32GB DDR5 @ 6004 MHz. Windows 11; driver 32.0.15.8129; VBS/HVCI Running.",Win 11,amdryzen59500f,geforcertx4080super,28312,34225,0,0,40.0,1
RUN-RENDER-078,Intel Core i9 processor 14900K,NVIDIA GeForce RTX 5060,DISCRETE,8.0,32,DDR5,6000,MHz,PCMark 10,RENDER,24303,https://www.3dmark.com/pcm10b/2206928,2026-09-16,ACCEPT,"Valid result; Productivity score 9316 được sử dụng làm target, không phải PCMark 10 Overall score 8585. CPU clock 6000 MHz rất cao, nên cần xem lại điều kiện boost/overclock trước khi ACCEPT. RAM 32GB DDR5 @ 6000 MHz. Windows 11; driver 32.0.15.7688; VBS/HVCI Disabled.",Win 11,intelcorei914900k,geforcertx5060,58253,20659,1,0,50.0,1
RUN-RENDER-023,Intel Core Ultra 7 Processor 265KF,NVIDIA GeForce RTX 4070 SUPER,DISCRETE,12.0,64,DDR5,6398,MHz,PCMark 10,RENDER,25632,https://www.3dmark.com/pcm10b/2240231,2026-09-16,ACCEPT,"Valid result; Productivity score 12532 được sử dụng làm target, không phải PCMark 10 Overall score 9836. CPU clock 5500 MHz; RAM 64GB DDR5 @ 6398 MHz. Windows 11; driver 32.0.15.6094; VBS/HVCI Running.",Win 11,intelcoreultra7265kf,geforcertx4070super,58517,29942,1,1,40.0,1
RUN-RENDER-045,Intel Core i7 processor 14700F,NVIDIA GeForce RTX 5060,DISCRETE,8.0,64,DDR5,5186,MHz,PCMark 10,RENDER,20519,https://www.3dmark.com/pcm10b/2177972,2026-09-16,ACCEPT,"Valid result; Productivity score 8389 được sử dụng làm target, không phải PCMark 10 Overall score 8115. CPU clock 5387 MHz; RAM 64GB DDR5 @ 5186 MHz. Windows 11; driver 32.0.15.7652; VBS/HVCI Running.",Win 11,intelcorei714700f,geforcertx5060,41313,20659,1,0,50.0,1
RUN-RENDER-066,AMD Ryzen 9 9900X3D,NVIDIA GeForce RTX 3060 12GB,DISCRETE,12.0,64,DDR5,5596,MHz,PCMark 10,RENDER,18699,https://www.3dmark.com/pcm10b/2146134,2026-09-16,ACCEPT,"Valid result; Productivity score 12047 được sử dụng làm target, không phải PCMark 10 Overall score 8448. CPU clock 5686 MHz; RAM 64GB DDR5 @ 5596 MHz. Windows 11; driver 32.0.15.7283; VBS/HVCI Running.",Win 11,amdryzen99900x3d,geforcertx306012gb,56127,16710,0,0,30.0,1
RUN-RENDER-097,AMD Ryzen 9 9950X3D,NVIDIA GeForce RTX 5060 Ti 16 GB,DISCRETE,16.0,32,DDR5,6388,MHz,PCMark 10,RENDER,22705,https://www.3dmark.com/pcm10b/2255405,2026-09-16,ACCEPT,"Valid result; Productivity score 9324 được sử dụng làm target, không phải PCMark 10 Overall score 8845. CPU clock 5713 MHz; RAM 32GB DDR5 @ 6388 MHz. GPU memory được báo cáo chính xác là 16384 MB. Windows 11; driver 32.0.15.7688; VBS/HVCI Disabled.",Win 11,amdryzen99950x3d,geforcertx5060ti16gb,70109,22619,0,0,50.0,1
RUN-RENDER-031,AMD Ryzen 7 7800X3D,NVIDIA GeForce RTX 3060 12GB,DISCRETE,12.0,32,DDR5,5996,MHz,PCMark 10,RENDER,14827,https://www.3dmark.com/pcm10b/1958607,2026-09-16,ACCEPT,"Valid result; Productivity score 11299 được sử dụng làm target, không phải PCMark 10 Overall score 7669. CPU clock 5059 MHz; RAM 32GB @ 5996 MHz. Loại memory không được nguồn nêu rõ, nên RamType để trống. Windows 11; driver 31.0.15.3203; VBS/HVCI Running.",Win 11,amdryzen77800x3d,geforcertx306012gb,34277,16710,0,0,30.0,1
RUN-RENDER-063,Intel Core i7 processor 14700K,NVIDIA GeForce RTX 5070 Ti,DISCRETE,12.0,32,DDR5,6800,MHz,PCMark 10,RENDER,25871,https://www.3dmark.com/pcm10b/2126745,2026-09-16,ACCEPT,"Valid result; Productivity score 8994 được sử dụng làm target, không phải PCMark 10 Overall score 8631. CPU clock 5601 MHz; RAM 32GB DDR5 @ 6800 MHz. RAM speed tương đối cao, nên cần xem lại điều kiện XMP/memory tuning trước khi ACCEPT. Windows 11; driver 32.0.15.7260; VBS/HVCI Running.",Win 11,intelcorei714700k,geforcertx5070ti,51957,32346,1,0,50.0,1
RUN-RENDER-125,Intel Core i3-12100F,NVIDIA GeForce RTX 3050 6GB,DISCRETE,6.0,32,DDR4,3192,MHz,PCMark 10,RENDER,9496,https://www.3dmark.com/pcm10b/2113097,2026-10-03,ACCEPT,,Win 11,intelcorei312100f,geforcertx30506gb,13953,10740,1,0,30.0,1
RUN-RENDER-010,AMD Ryzen 5 5600G,NVIDIA GeForce RTX 3060 12GB,DISCRETE,12.0,16,DDR4,3192,MHz,PCMark 10,RENDER,11550,https://www.3dmark.com/pcm10b/1338214,2026-09-16,ACCEPT,"Valid result; Productivity score 9536 được sử dụng làm target, không phải PCMark 10 Overall score 6992. CPU clock 4446 MHz; RAM 16GB DDR4 @ 3192 MHz. Windows 11; driver 30.0.14.9709; VBS/HVCI Disabled.",Win 11,amdryzen55600g,geforcertx306012gb,19636,16710,0,0,30.0,1
RUN-RENDER-034,AMD Ryzen 7 7800X3D,NVIDIA GeForce RTX 4080 SUPER,DISCRETE,16.0,32,DDR5,6000,MHz,PCMark 10,RENDER,19119,https://www.3dmark.com/pcm10b/2009053,2026-09-16,ACCEPT,"Valid result; Productivity score 12935 được sử dụng làm target, không phải PCMark 10 Overall score 9615. CPU clock 5025 MHz; RAM 32GB @ 6000 MHz. Loại memory không được nguồn nêu rõ, nên RamType để trống. Windows 11; driver 32.0.15.6094; VBS/HVCI Running.",Win 11,amdryzen77800x3d,geforcertx4080super,34277,34225,0,0,40.0,1
RUN-RENDER-067,AMD Ryzen 9 9900X3D,NVIDIA GeForce RTX 4070 SUPER,DISCRETE,12.0,32,DDR5,7196,MHz,PCMark 10,RENDER,15876,https://www.3dmark.com/pcm10b/2134522,2026-09-16,ACCEPT,"Valid result; Productivity score 12304 được sử dụng làm target, không phải PCMark 10 Overall score 8976. CPU clock 5381 MHz; RAM 32GB DDR5 @ 7196 MHz. Logical processor count được báo cáo chỉ là 6, bất thường đối với Ryzen 9 9900X3D, nên cần xem lại CPU configuration/telemetry trước khi ACCEPT. RAM speed cũng rất cao, nên cần xem lại điều kiện EXPO/overclock. Windows 11; driver 32.0.15.7283; VBS/HVCI Disabled.",Win 11,amdryzen99900x3d,geforcertx4070super,56127,29942,0,0,40.0,1
RUN-RENDER-026,Intel Core Ultra 7 Processor 265KF,NVIDIA GeForce RTX 5060 Ti 16 GB,DISCRETE,16.0,32,DDR5,5600,MHz,PCMark 10,RENDER,24397,https://www.3dmark.com/pcm10b/2175345,2026-09-16,ACCEPT,"Valid result; Productivity score 9071 được sử dụng làm target, không phải PCMark 10 Overall score 8794. GPU model được ghi là RTX 5060 Ti 16 GB nhưng GPU Memory báo cáo 8192 MB, nên giữ nguyên model string từ nguồn và kiểm tra sự không nhất quán. CPU clock 5500 MHz; RAM 32GB DDR5 @ 5600 MHz. Windows 11; driver 32.0.15.7652; VBS/HVCI Running.",Win 11,intelcoreultra7265kf,geforcertx5060ti16gb,58517,22619,1,1,50.0,1
RUN-RENDER-118,Intel Core i5-14400F,NVIDIA GeForce RTX 3060 12GB,DISCRETE,12.0,16,DDR4,3192,MHz,PCMark 10,RENDER,15190,https://www.3dmark.com/pcm10b/1910001,2026-10-03,ACCEPT,,Win 11,intelcorei514400f,geforcertx306012gb,25418,16710,1,0,30.0,1
RUN-RENDER-029,Intel Core Ultra 7 Processor 265KF,NVIDIA GeForce RTX 5080,DISCRETE,16.0,32,DDR5,6398,MHz,PCMark 10,RENDER,30436,https://www.3dmark.com/pcm10b/2178545,2026-09-16,ACCEPT,"Valid result; Productivity score 8866 được sử dụng làm target, không phải PCMark 10 Overall score 9217. CPU clock 5501 MHz; RAM 32GB DDR5 @ 6398 MHz. Windows 11; driver 32.0.15.7652; VBS/HVCI Running.",Win 11,intelcoreultra7265kf,geforcertx5080,58517,35623,1,1,50.0,1
RUN-RENDER-099,AMD Ryzen 9 9950X3D,NVIDIA GeForce RTX 5070 Ti,DISCRETE,16.0,32,DDR5,5988,MHz,PCMark 10,RENDER,26123,https://www.3dmark.com/pcm10b/2198916,2026-09-16,ACCEPT,"Valid result; Productivity score 12731 được sử dụng làm target, không phải PCMark 10 Overall score 10392. CPU clock 5741 MHz; RAM 32GB DDR5 @ 5988 MHz. Spreadsheets đã sử dụng AMD gfx1036 thay vì RTX 5070 Ti rời, nên cần xem lại việc chọn workload device trước khi ACCEPT. Windows 11; driver 32.0.15.7700; VBS/HVCI Running.",Win 11,amdryzen99950x3d,geforcertx5070ti,70109,32346,0,0,50.0,1
RUN-RENDER-129,Intel Core i7-14700F,NVIDIA GeForce RTX 5050,DISCRETE,8.0,32,DDR5,4788,MHz,PCMark 10,RENDER,17323,https://www.3dmark.com/pcm10b/2350454,2026-10-03,ACCEPT,,Win 11,intelcorei714700f,geforcertx5050,41313,16839,1,0,50.0,1
RUN-RENDER-054,Intel Core Ultra 7 Processor 265F,NVIDIA GeForce RTX 5080,DISCRETE,16.0,32,DDR5,6400,MHz,PCMark 10,RENDER,30095,https://www.3dmark.com/pcm10b/2175331,2026-09-16,ACCEPT,"Valid result; Productivity score 8671 được sử dụng làm target, không phải PCMark 10 Overall score 9108. CPU clock 5301 MHz; RAM 32GB DDR5 @ 6400 MHz. Windows 11; driver 32.0.15.7652; VBS/HVCI Running.",Win 11,intelcoreultra7265f,geforcertx5080,49402,35623,1,1,50.0,1
RUN-RENDER-006,Intel Core i3-12100F Processor,NVIDIA GeForce RTX 3050 8GB,DISCRETE,8.0,16,DDR4,4388,MHz,PCMark 10,RENDER,10224,https://www.3dmark.com/pcm10b/1469433,2026-09-16,ACCEPT,"Valid result; Productivity score 10052 được sử dụng làm target, không phải PCMark 10 Overall score 6729. CPU clock 4091 MHz; RAM 16GB DDR4 @ 4388 MHz. RAM speed tương đối cao, cần kiểm tra điều kiện XMP/tuning trước khi ACCEPT. Windows 11; driver 30.0.15.1296; VBS/HVCI Disabled.",Win 11,intelcorei312100f,geforcertx30508gb,13953,12460,1,0,30.0,1
RUN-RENDER-069,AMD Ryzen 9 9900X3D,NVIDIA GeForce RTX 5060 Ti 16 GB,DISCRETE,16.0,64,DDR5,5998,MHz,PCMark 10,RENDER,20030,https://www.3dmark.com/pcm10b/2187048,2026-09-16,ACCEPT,"Valid result; Productivity score 12166 được sử dụng làm target, không phải PCMark 10 Overall score 9993. CPU clock 5538 MHz; RAM 64GB DDR5 @ 5998 MHz. GPU memory được báo cáo chính xác là 16384 MB. Windows 10; driver 32.0.15.7680; VBS/HVCI Disabled.",Win 10,amdryzen99900x3d,geforcertx5060ti16gb,56127,22619,0,0,50.0,0
RUN-RENDER-074,Intel Core i9 processor 14900K,NVIDIA GeForce RTX 3060 12GB,DISCRETE,12.0,64,DDR5,6400,MHz,PCMark 10,RENDER,21275,https://www.3dmark.com/pcm10b/2083893,2026-09-16,ACCEPT,"Valid result; Productivity score 11847 được sử dụng làm target, không phải PCMark 10 Overall score 8414. CPU clock 6000 MHz rất cao, nên cần xem lại điều kiện boost/overclock trước khi ACCEPT. RAM 32GB @ 6400 MHz. Loại memory không được nguồn nêu rõ, nên RamType để trống. Windows 11; driver 32.0.15.6636; VBS/HVCI Running.",Win 11,intelcorei914900k,geforcertx306012gb,58253,16710,1,0,30.0,1
RUN-RENDER-040,AMD Ryzen 7 7800X3D,NVIDIA GeForce RTX 5080,DISCRETE,16.0,32,DDR5,5994,MHz,PCMark 10,RENDER,20199,https://www.3dmark.com/pcm10b/2139766,2026-09-16,ACCEPT,"Valid result; Productivity score 11325 được sử dụng làm target, không phải PCMark 10 Overall score 9038. CPU clock 5219 MHz; RAM 32GB DDR5 @ 5994 MHz. Windows 11; driver 32.0.15.7216; VBS/HVCI Disabled.",Win 11,amdryzen77800x3d,geforcertx5080,34277,35623,0,0,50.0,1
RUN-RENDER-050,Intel Core i7 processor 14700F,NVIDIA GeForce RTX 5080,DISCRETE,,32,DDR5,5586,MHz,PCMark 10,RENDER,28901,https://www.3dmark.com/pcm10b/2181552,2026-09-16,ACCEPT,"Valid result; Productivity score 8148 được sử dụng làm target, không phải PCMark 10 Overall score 8677. CPU clock 5387 MHz; RAM 32GB DDR5 @ 5586 MHz. Windows 11; driver 32.0.15.7680; VBS/HVCI Disabled.",Win 11,intelcorei714700f,geforcertx5080,41313,35623,1,0,50.0,1
RUN-RENDER-036,AMD Ryzen 7 7800X3D,NVIDIA GeForce RTX 5060 Ti 16 GB,DISCRETE,16.0,32,DDR5,5996,MHz,PCMark 10,RENDER,15426,https://www.3dmark.com/pcm10b/2170697,2026-09-16,ACCEPT,"Valid result; Productivity score 10509 được sử dụng làm target, không phải PCMark 10 Overall score 7919. CPU clock 5202 MHz; RAM 32GB DDR5 @ 5996 MHz. GPU memory được báo cáo chính xác là 16384 MB. Windows 10; driver 32.0.15.7652; VBS/HVCI Disabled.",Win 10,amdryzen77800x3d,geforcertx5060ti16gb,34277,22619,0,0,50.0,0
RUN-RENDER-017,Intel Core i5 processor 14400,NVIDIA GeForce RTX 3050 8GB,DISCRETE,8.0,64,DDR4,3192,MHz,PCMark 10,RENDER,9439,https://www.3dmark.com/pcm10b/2067385,2026-09-16,ACCEPT,"Valid result; Productivity score 6234 được sử dụng làm target, không phải PCMark 10 Overall score 4675. CPU clock 2495 MHz; RAM 64GB DDR4 @ 3192 MHz. VBS và HVCI Running, điều này có thể ảnh hưởng đến performance, cần kiểm tra execution conditions trước khi ACCEPT. Windows 11; driver 32.0.15.6614.",Win 11,intelcorei514400,geforcertx30508gb,25078,12460,1,0,30.0,1
RUN-RENDER-126,AMD Ryzen 5 5500,NVIDIA GeForce RTX 3050 6GB,DISCRETE,6.0,16,DDR4,2128,MHz,PCMark 10,RENDER,9180,https://www.3dmark.com/pcm10b/1950870,2026-10-03,ACCEPT,,Win 11,amdryzen55500,geforcertx30506gb,19252,10740,0,0,30.0,1
RUN-RENDER-035,AMD Ryzen 7 7800X3D,NVIDIA GeForce RTX 5060,DISCRETE,8.0,32,DDR5,6396,MHz,PCMark 10,RENDER,17423,https://www.3dmark.com/pcm10b/2180943,2026-09-16,ACCEPT,"Valid result; Productivity score 8049 được sử dụng làm target, không phải PCMark 10 Overall score 7761. CPU clock 5098 MHz; RAM 32GB DDR5 @ 6396 MHz. Windows 11; driver 32.0.15.7652; VBS/HVCI Running.",Win 11,amdryzen77800x3d,geforcertx5060,34277,20659,0,0,50.0,1
RUN-RENDER-086,Intel Core Ultra 9 Processor 285K,NVIDIA GeForce RTX 4070 SUPER,DISCRETE,12.0,64,DDR5,6384,MHz,PCMark 10,RENDER,26363,https://www.3dmark.com/pcm10b/2044254,2026-09-16,ACCEPT,"Valid result; Productivity score 13464 được sử dụng làm target, không phải PCMark 10 Overall score 10324. CPU clock 5687 MHz; RAM 64GB @ 6384 MHz. Loại memory không được nguồn nêu rõ, nên RamType để trống. Windows 11; driver 32.0.15.6109; VBS/HVCI Disabled.",Win 11,intelcoreultra9285k,geforcertx4070super,67264,29942,1,1,40.0,1
RUN-RENDER-008,Intel Core i3-12100F Processor,NVIDIA GeForce RTX 4060 Ti 8 GB,DISCRETE,8.0,16,DDR4,3192,MHz,PCMark 10,RENDER,12729,https://www.3dmark.com/pcm10b/1950986,2026-09-16,ACCEPT,"Valid result; Productivity score 10076 được sử dụng làm target, không phải PCMark 10 Overall score 7555. CPU clock 4489 MHz; RAM 16GB DDR4 @ 3192 MHz. CPU clock khá cao, cần kiểm tra điều kiện boost/tuning trước khi ACCEPT. Windows 10; driver 31.0.15.5222; VBS/HVCI Disabled.",Win 10,intelcorei312100f,geforcertx4060ti8gb,13953,22596,1,0,40.0,0
RUN-RENDER-044,Intel Core i7 processor 14700F,NVIDIA GeForce RTX 4080 SUPER,DISCRETE,16.0,32,DDR5,5984,MHz,PCMark 10,RENDER,25871,https://www.3dmark.com/pcm10b/1905550,2026-09-16,ACCEPT,"Valid result; Productivity score 11951 được sử dụng làm target, không phải PCMark 10 Overall score 9761. CPU clock 5387 MHz; RAM 32GB @ 5984 MHz. Loại memory không được nguồn nêu rõ, nên RamType để trống. Windows 11; driver 31.0.15.5152; VBS/HVCI Disabled.",Win 11,intelcorei714700f,geforcertx4080super,41313,34225,1,0,40.0,1
RUN-RENDER-077,Intel Core i9 processor 14900K,NVIDIA GeForce RTX 4080 SUPER,DISCRETE,16.0,128,DDR5,5600,MHz,PCMark 10,RENDER,26019,https://www.3dmark.com/pcm10b/2067590,2026-09-16,ACCEPT,"Valid result; Productivity score 14001 được sử dụng làm target, không phải PCMark 10 Overall score 10746. CPU clock 6000 MHz rất cao, nên cần xem lại điều kiện boost/overclock trước khi ACCEPT. RAM 128GB @ 5600 MHz. Loại memory không được nguồn nêu rõ, nên RamType để trống. Windows 11; driver 32.0.15.6614; VBS/HVCI Disabled.",Win 11,intelcorei914900k,geforcertx4080super,58253,34225,1,0,40.0,1
RUN-RENDER-105,Intel Core i5-12400F Processor,NVIDIA GeForce RTX 4070 SUPER,DISCRETE,12.0,16,DDR4,3192,MHz,PCMark 10,RENDER,16905,https://www.3dmark.com/pcm10b/2058195,2026-10-03,ACCEPT,,Win 10,intelcorei512400f,geforcertx4070super,19539,29942,1,0,40.0,0
RUN-RENDER-111,Intel Core i7-12700KF Processor,NVIDIA GeForce RTX 3050 8GB,DISCRETE,8.0,64,DDR4,3200,MHz,PCMark 10,RENDER,15806,https://www.3dmark.com/pcm10b/1448049,2026-10-03,ACCEPT,,Win 11,intelcorei712700kf,geforcertx30508gb,33914,12460,1,0,30.0,1
RUN-RENDER-009,AMD Ryzen 5 5600G,NVIDIA GeForce RTX 3050 8GB,DISCRETE,8.0,32,DDR4,3192,MHz,PCMark 10,RENDER,5497,https://www.3dmark.com/pcm10b/1593122,2026-09-16,ACCEPT,"Valid result; Productivity score 9426 được sử dụng làm target, không phải PCMark 10 Overall score 5949. CPU clock 5052 MHz; RAM 32GB DDR4 @ 3192 MHz. CPU clock tương đối cao, cần kiểm tra điều kiện boost/tuning trước khi ACCEPT. Windows 10; driver 31.0.15.1694; VBS/HVCI Disabled.",Win 10,amdryzen55600g,geforcertx30508gb,19636,12460,0,0,30.0,0
RUN-RENDER-014,Intel Core i5-11600 Processor,NVIDIA GeForce RTX 3050 8GB,DISCRETE,8.0,32,DDR4,3192,MHz,PCMark 10,RENDER,10250,https://www.3dmark.com/pcm10b/1464433,2026-09-16,ACCEPT,"Valid result; Productivity score 9002 được sử dụng làm target, không phải PCMark 10 Overall score 6399. CPU clock 4789 MHz; RAM 32GB DDR4 @ 3192 MHz. Windows 11; driver 30.0.15.1295; VBS/HVCI Disabled.",Win 11,intelcorei511600,geforcertx30508gb,17950,12460,1,0,30.0,1
RUN-RENDER-095,AMD Ryzen 9 9950X3D,NVIDIA GeForce RTX 5050,DISCRETE,8.0,32,DDR5,6386,MHz,PCMark 10,RENDER,20143,https://www.3dmark.com/pcm10b/2221318,2026-09-16,ACCEPT,"Valid result; Productivity score 8580 được sử dụng làm target, không phải PCMark 10 Overall score 8342. CPU clock 5713 MHz; RAM 32GB DDR5 @ 6386 MHz. Windows 11; driver 32.0.15.7688; VBS/HVCI Disabled.",Win 11,amdryzen99950x3d,geforcertx5050,70109,16839,0,0,50.0,1
RUN-RENDER-004,AMD Ryzen 5 5500,NVIDIA GeForce RTX 4070 SUPER,DISCRETE,12.0,32,DDR4,3598,MHz,PCMark 10,RENDER,13516,https://www.3dmark.com/pcm10b/1972611,2026-09-15,ACCEPT,"Valid result; Productivity score 8651 được sử dụng làm target, không phải PCMark 10 Overall score 7180. CPU clock 4503 MHz; RAM 32GB DDR4 @ 3598 MHz. Windows 10; driver 32.0.15.5599; VBS/HVCI Disabled.",Win 10,amdryzen55500,geforcertx4070super,19252,29942,0,0,40.0,0
RUN-RENDER-018,Intel Core i5 processor 14400,NVIDIA GeForce RTX 4060 Ti 8 GB,DISCRETE,8.0,64,DDR5,4788,MHz,PCMark 10,RENDER,16176,https://www.3dmark.com/pcm10b/2149668,2026-09-16,ACCEPT,"Valid result; Productivity score 9933 được sử dụng làm target, không phải PCMark 10 Overall score 7702. CPU clock 4690 MHz; RAM 64GB DDR5 @ 4788 MHz. Windows 11; driver 32.0.15.7602; VBS/HVCI Running.",Win 11,intelcorei514400,geforcertx4060ti8gb,25078,22596,1,0,40.0,1
RUN-RENDER-039,AMD Ryzen 7 7800X3D,NVIDIA GeForce RTX 5070 Ti,DISCRETE,16.0,32,DDR5,5998,MHz,PCMark 10,RENDER,21000,https://www.3dmark.com/pcm10b/2195521,2026-09-16,ACCEPT,"Valid result; Productivity score 11525 được sử dụng làm target, không phải PCMark 10 Overall score 9127. CPU clock 5098 MHz; RAM 32GB DDR5 @ 5998 MHz. Windows 11; driver 32.0.15.7688; VBS/HVCI Running.",Win 11,amdryzen77800x3d,geforcertx5070ti,34277,32346,0,0,50.0,1
RUN-RENDER-073,Intel Core i9 processor 14900K,NVIDIA GeForce RTX 3050 8GB,DISCRETE,8.0,128,DDR4,4000,MHz,PCMark 10,RENDER,18715,https://www.3dmark.com/pcm10b/1891350,2026-09-16,ACCEPT,"Valid result; Productivity score 11215 được sử dụng làm target, không phải PCMark 10 Overall score 8839. CPU clock 6000 MHz rất cao, nên cần xem lại điều kiện boost/overclock trước khi ACCEPT. RAM 128GB @ 4000 MHz. Loại memory không được nguồn nêu rõ, nên RamType để trống. Windows 11; driver 31.0.15.5123; VBS Running; HVCI Disabled.",Win 11,intelcorei914900k,geforcertx30508gb,58253,12460,1,0,30.0,1
RUN-RENDER-102,Intel Core i5-12400F Processor,NVIDIA GeForce RTX 3050 8GB,DISCRETE,8.0,32,DDR4,2660,MHz,PCMark 10,RENDER,12087,https://www.3dmark.com/pcm10b/1676670,2026-10-03,ACCEPT,,Win 10,intelcorei512400f,geforcertx30508gb,19539,12460,1,0,30.0,0
RUN-RENDER-007,Intel Core i3-12100F Processor,NVIDIA GeForce RTX 3060 12GB,DISCRETE,12.0,32,DDR4,3192,MHz,PCMark 10,RENDER,11498,https://www.3dmark.com/pcm10b/1803232,2026-09-16,ACCEPT,"Valid result; Productivity score 11186 được sử dụng làm target, không phải PCMark 10 Overall score 7318. CPU clock 4291 MHz; RAM 32GB DDR4 @ 3192 MHz. Windows 10; driver 31.0.15.3742; VBS/HVCI Disabled.",Win 10,intelcorei312100f,geforcertx306012gb,13953,16710,1,0,30.0,0
RUN-RENDER-084,Intel Core Ultra 9 Processor 285K,NVIDIA GeForce RTX 3060 12GB,DISCRETE,12.0,32,DDR5,6000,MHz,PCMark 10,RENDER,21352,https://www.3dmark.com/pcm10b/2118320,2026-09-16,ACCEPT,"Valid result; Productivity score 11563 được sử dụng làm target, không phải PCMark 10 Overall score 8955. CPU clock 5701 MHz; RAM 32GB DDR5 @ 6000 MHz. Windows 11; driver 32.0.15.6094; VBS/HVCI Running.",Win 11,intelcoreultra9285k,geforcertx306012gb,67264,16710,1,1,30.0,1
RUN-RENDER-113,Intel Core i7-12700KF Processor,NVIDIA GeForce RTX 4060 Ti 8 GB,DISCRETE,8.0,32,DDR5,5984,MHz,PCMark 10,RENDER,19364,https://www.3dmark.com/pcm10b/1787671,2026-10-03,ACCEPT,,Win 11,intelcorei712700kf,geforcertx4060ti8gb,33914,22596,1,0,40.0,1
RUN-RENDER-115,Intel Core i7-12700KF Processor,NVIDIA GeForce RTX 4080 SUPER,DISCRETE,16.0,32,DDR4,3200,MHz,PCMark 10,RENDER,22470,https://www.3dmark.com/pcm10b/1952505,2026-10-03,ACCEPT,,Win 11,intelcorei712700kf,geforcertx4080super,33914,34225,1,0,40.0,1
RUN-RENDER-055,Intel Core Ultra 7 Processor 265F,NVIDIA GeForce RTX 5080,DISCRETE,16.0,64,DDR5,5600,MHz,PCMark 10,RENDER,16062,https://www.3dmark.com/pcm10b/2161381,2026-09-16,ACCEPT,"Valid result; Productivity score 8344 được sử dụng làm target, không phải PCMark 10 Overall score 7852. CPU clock 5301 MHz; RAM 64GB DDR5 @ 5600 MHz. Windows 11; driver 32.0.15.7628; VBS/HVCI Running.",Win 11,intelcoreultra7265f,geforcertx5080,49402,35623,1,1,50.0,1
RUN-RENDER-051,Intel Core Ultra 7 Processor 265F,NVIDIA GeForce RTX 5060 Ti 16 GB,DISCRETE,16.0,32,DDR5,4788,MHz,PCMark 10,RENDER,23128,https://www.3dmark.com/pcm10b/2187014,2026-09-16,ACCEPT,"Valid result; Productivity score 8163 được sử dụng làm target, không phải PCMark 10 Overall score 7845. CPU clock 5288 MHz; RAM 32GB DDR5 @ 4788 MHz. GPU memory được báo cáo chính xác là 16384 MB. Windows 11; driver 32.0.15.7680; VBS/HVCI Running.",Win 11,intelcoreultra7265f,geforcertx5060ti16gb,49402,22619,1,1,50.0,1
RUN-RENDER-120,Intel Core i5-14400F,NVIDIA GeForce RTX 5050,DISCRETE,8.0,16,DDR4,3192,MHz,PCMark 10,RENDER,15772,https://www.3dmark.com/pcm10b/2298831,2026-10-03,ACCEPT,,Win 11,intelcorei514400f,geforcertx5050,25418,16839,1,0,50.0,1
RUN-RENDER-047,Intel Core i7 processor 14700F,NVIDIA GeForce RTX 5070,DISCRETE,12.0,32,DDR5,4788,MHz,PCMark 10,RENDER,22807,https://www.3dmark.com/pcm10b/2236856,2026-09-16,ACCEPT,"Valid result; Productivity score 8694 được sử dụng làm target, không phải PCMark 10 Overall score 8728. CPU clock 5387 MHz; RAM 32GB DDR5 @ 4788 MHz. Windows 11; driver 32.0.15.7688; VBS/HVCI Disabled.",Win 11,intelcorei714700f,geforcertx5070,41313,28652,1,0,50.0,1
RUN-RENDER-109,Intel Core i5-12400F Processor,NVIDIA GeForce RTX 5070 Ti,DISCRETE,16.0,32,DDR5,5210,MHz,PCMark 10,RENDER,19159,https://www.3dmark.com/pcm10b/2167422,2026-10-03,ACCEPT,,Win 11,intelcorei512400f,geforcertx5070ti,19539,32346,1,0,50.0,1
RUN-RENDER-062,Intel Core i7 processor 14700K,NVIDIA GeForce RTX 5060 Ti 16 GB,DISCRETE,16.0,64,DDR5,5586,MHz,PCMark 10,RENDER,24966,https://www.3dmark.com/pcm10b/2191355,2026-09-16,ACCEPT,"Valid result; Productivity score 8830 được sử dụng làm target, không phải PCMark 10 Overall score 9041. CPU clock 5686 MHz; RAM 64GB DDR5 @ 5586 MHz. GPU memory được báo cáo chính xác là 16384 MB. CPU clock tương đối cao, nên cần xem lại điều kiện boost/overclock trước khi ACCEPT. Windows 11; driver 32.0.15.7688; VBS/HVCI Disabled.",Win 11,intelcorei714700k,geforcertx5060ti16gb,51957,22619,1,0,50.0,1
RUN-RENDER-128,Intel Core i5-12400F,NVIDIA GeForce RTX 5050,DISCRETE,8.0,16,DDR4,3192,MHz,PCMark 10,RENDER,13869,https://www.3dmark.com/pcm10b/2290494,2026-10-03,ACCEPT,,Win 11,intelcorei512400f,geforcertx5050,19539,16839,1,0,50.0,1
RUN-RENDER-080,Intel Core i9 processor 14900K,NVIDIA GeForce RTX 5070,DISCRETE,12.0,96,DDR4,3192,MHz,PCMark 10,RENDER,14964,https://www.3dmark.com/pcm10b/2156948,2026-09-16,ACCEPT,"Valid result; Productivity score 9631 được sử dụng làm target, không phải PCMark 10 Overall score 8535. CPU clock 5985 MHz rất cao, nên cần xem lại điều kiện boost/overclock trước khi ACCEPT. RAM 96GB DDR4 @ 3192 MHz. Windows 11; driver 32.0.15.7628; VBS/HVCI Running.",Win 11,intelcorei914900k,geforcertx5070,58253,28652,1,0,50.0,1
RUN-RENDER-123,Intel Core i7-14700F,NVIDIA GeForce RTX 5060 Ti 8GB,DISCRETE,8.0,32,DDR5,4788,MHz,PCMark 10,RENDER,21647,https://www.3dmark.com/pcm10b/2197000,2026-10-03,ACCEPT,,Win 11,intelcorei714700f,geforcertx5060ti8gb,41313,21876,1,0,50.0,1
RUN-RENDER-092,Intel Core Ultra 9 Processor 285K,NVIDIA GeForce RTX 5080,DISCRETE,16.0,96,DDR5,7200,MHz,PCMark 10,RENDER,28067,https://www.3dmark.com/pcm10b/2157040,2026-09-16,ACCEPT,"Valid result; Productivity score 11684 được sử dụng làm target, không phải PCMark 10 Overall score 9067. CPU clock 5700 MHz; RAM 96GB DDR5 @ 7200 MHz. Spreadsheets đã sử dụng Intel Graphics thay vì RTX 5080 rời, nên cần xem lại việc chọn workload device trước khi ACCEPT. RAM speed cũng rất cao, nên cần xem lại điều kiện XMP/overclock. Windows 11; driver 32.0.15.7283; VBS/HVCI Running.",Win 11,intelcoreultra9285k,geforcertx5080,67264,35623,1,1,50.0,1
RUN-RENDER-042,Intel Core i7 processor 14700F,NVIDIA GeForce RTX 4060 Ti 8 GB,DISCRETE,8.0,32,DDR5,5984,MHz,PCMark 10,RENDER,19162,https://www.3dmark.com/pcm10b/2016894,2026-09-16,ACCEPT,"Valid result; Productivity score 11731 được sử dụng làm target, không phải PCMark 10 Overall score 8916. CPU clock 5387 MHz; RAM 16GB DDR4 @ 3192 MHz. Windows 11; driver 32.0.15.6070; VBS/HVCI Running.",Win 11,intelcorei714700f,geforcertx4060ti8gb,41313,22596,1,0,40.0,1
RUN-RENDER-059,Intel Core i7 processor 14700K,NVIDIA GeForce RTX 4070 SUPER,DISCRETE,12.0,64,DDR5,5600,MHz,PCMark 10,RENDER,25418,https://www.3dmark.com/pcm10b/2045544,2026-09-16,ACCEPT,"Valid result; Productivity score 13151 được sử dụng làm target, không phải PCMark 10 Overall score 10136. CPU clock 5601 MHz; RAM 64GB @ 5600 MHz. Loại memory không được nguồn nêu rõ, nên RamType để trống. Windows 11; driver 32.0.15.6109; VBS/HVCI Disabled.",Win 11,intelcorei714700k,geforcertx4070super,51957,29942,1,0,40.0,1
RUN-RENDER-091,Intel Core Ultra 9 Processor 285K,NVIDIA GeForce RTX 5070 Ti,DISCRETE,16.0,48,DDR5,8000,MHz,PCMark 10,RENDER,30870,https://www.3dmark.com/pcm10b/2174500,2026-09-16,ACCEPT,"Valid result; Productivity score 12145 được sử dụng làm target, không phải PCMark 10 Overall score 10081. CPU clock 5702 MHz; RAM 48GB DDR5 @ 8000 MHz. Spreadsheets đã sử dụng Intel Graphics thay vì RTX 5070 Ti rời, nên cần xem lại việc chọn workload device trước khi ACCEPT. RAM speed cực kỳ cao, nên cần xem lại điều kiện XMP/overclock. Windows 11; driver 32.0.15.7652; VBS/HVCI Running.",Win 11,intelcoreultra9285k,geforcertx5070ti,67264,32346,1,1,50.0,1
RUN-RENDER-049,Intel Core i7 processor 14700F,NVIDIA GeForce RTX 5070 Ti,DISCRETE,16.0,64,DDR5,3990,MHz,PCMark 10,RENDER,21797,https://www.3dmark.com/pcm10b/2147205,2026-09-16,ACCEPT,"Valid result; Productivity score 8784 được sử dụng làm target, không phải PCMark 10 Overall score 8213. CPU clock 5387 MHz; RAM 64GB DDR5 @ 3990 MHz. Windows 11; driver 32.0.15.7283; VBS/HVCI Running.",Win 11,intelcorei714700f,geforcertx5070ti,41313,32346,1,0,50.0,1
RUN-RENDER-089,Intel Core Ultra 9 Processor 285K,NVIDIA GeForce RTX 5060 Ti 16 GB,DISCRETE,16.0,64,DDR5,4800,MHz,PCMark 10,RENDER,26212,https://www.3dmark.com/pcm10b/2211720,2026-09-16,ACCEPT,"Valid result; Productivity score 11545 được sử dụng làm target, không phải PCMark 10 Overall score 9934. CPU clock 5701 MHz; RAM 64GB DDR5 @ 4800 MHz. GPU memory được báo cáo chính xác là 16384 MB. Spreadsheets đã sử dụng Intel Graphics thay vì RTX 5060 Ti rời, nên cần xem lại việc chọn workload device trước khi ACCEPT. Windows 11; driver 32.0.15.7688; VBS/HVCI Running.",Win 11,intelcoreultra9285k,geforcertx5060ti16gb,67264,22619,1,1,50.0,1
RUN-RENDER-112,Intel Core i7-12700KF Processor,NVIDIA GeForce RTX 3060 12GB,DISCRETE,12.0,32,DDR4,3600,MHz,PCMark 10,RENDER,18390,https://www.3dmark.com/pcm10b/1374075,2026-10-03,ACCEPT,,Win 11,intelcorei712700kf,geforcertx306012gb,33914,16710,1,0,30.0,1
RUN-RENDER-058,Intel Core i7 processor 14700K,NVIDIA GeForce RTX 4060 Ti 8 GB,DISCRETE,8.0,64,DDR5,6400,MHz,PCMark 10,RENDER,14294,https://www.3dmark.com/pcm10b/1935614,2026-09-16,ACCEPT,"Valid result; Productivity score 12981 được sử dụng làm target, không phải PCMark 10 Overall score 9341. CPU clock 5801 MHz; RAM 64GB @ 6400 MHz. Loại memory không được nguồn nêu rõ, nên RamType để trống. CPU clock tương đối cao, cần kiểm tra điều kiện boost/ép xung trước khi ACCEPT. Windows 10; driver 31.0.15.5212; VBS/HVCI Disabled.",Win 10,intelcorei714700k,geforcertx4060ti8gb,51957,22596,1,0,40.0,0
RUN-RENDER-076,Intel Core i9 processor 14900K,NVIDIA GeForce RTX 4070 SUPER,DISCRETE,12.0,32,DDR5,7182,MHz,PCMark 10,RENDER,24210,https://www.3dmark.com/pcm10b/2084998,2026-09-16,ACCEPT,"Valid result; Productivity score 13498 được sử dụng làm target, không phải PCMark 10 Overall score 10205. CPU clock 5985 MHz rất cao, nên cần xem lại điều kiện boost/overclock trước khi ACCEPT. RAM 32GB @ 7182 MHz. Loại memory không được nguồn nêu rõ, nên RamType để trống. Windows 11; driver 32.0.15.6636; VBS Running; HVCI Disabled.",Win 11,intelcorei914900k,geforcertx4070super,58253,29942,1,0,40.0,1
RUN-RENDER-033,AMD Ryzen 7 7800X3D,NVIDIA GeForce RTX 4070 SUPER,DISCRETE,12.0,16,DDR5,4798,MHz,PCMark 10,RENDER,18494,https://www.3dmark.com/pcm10b/2010413,2026-09-16,ACCEPT,"Valid result; Productivity score 12516 được sử dụng làm target, không phải PCMark 10 Overall score 8905. CPU clock 5105 MHz; RAM 16GB @ 4798 MHz. Loại memory không được nguồn nêu rõ, nên RamType để trống. Windows 11; driver 32.0.15.6094; VBS/HVCI Running.",Win 11,amdryzen77800x3d,geforcertx4070super,34277,29942,0,0,40.0,1
RUN-RENDER-124,AMD Ryzen 7 7800X3D,NVIDIA GeForce RTX 5060 Ti 8GB,DISCRETE,8.0,32,DDR5,5198,MHz,PCMark 10,RENDER,19239,https://www.3dmark.com/pcm10b/2351019,2026-10-03,ACCEPT,,Win 11,amdryzen77800x3d,geforcertx5060ti8gb,34277,21876,0,0,50.0,1
RUN-RENDER-060,Intel Core i7 processor 14700K,NVIDIA GeForce RTX 4080 SUPER,DISCRETE,16.0,32,DDR5,6384,MHz,PCMark 10,RENDER,25652,https://www.3dmark.com/pcm10b/1988048,2026-09-16,ACCEPT,"Valid result; Productivity score 14199 được sử dụng làm target, không phải PCMark 10 Overall score 10504. CPU clock 5586 MHz; RAM 32GB @ 6384 MHz. Loại memory không được nguồn nêu rõ, nên RamType để trống. Windows 11; driver 32.0.15.6070; VBS/HVCI Disabled.",Win 11,intelcorei714700k,geforcertx4080super,51957,34225,1,0,40.0,1
RUN-RENDER-064,Intel Core i7 processor 14700K,NVIDIA GeForce RTX 5070,DISCRETE,12.0,32,DDR5,4800,MHz,PCMark 10,RENDER,17394,https://www.3dmark.com/pcm10b/2164590,2026-09-16,ACCEPT,"Valid result; Productivity score 9029 được sử dụng làm target, không phải PCMark 10 Overall score 8550. CPU clock 5600 MHz; RAM 32GB DDR5 @ 4800 MHz. Windows 10; driver 32.0.15.7640; VBS/HVCI Disabled.",Win 10,intelcorei714700k,geforcertx5070,51957,28652,1,0,50.0,0
RUN-RENDER-110,Intel Core i7-12700KF Processor,NVIDIA GeForce RTX 3050 6 GB,DISCRETE,6.0,32,DDR5,6000,MHz,PCMark 10,RENDER,13935,https://www.3dmark.com/pcm10b/2170636,2026-10-03,ACCEPT,,Win 11,intelcorei712700kf,geforcertx30506gb,33914,10740,1,0,30.0,1
RUN-RENDER-038,AMD Ryzen 7 7800X3D,NVIDIA GeForce RTX 5070 Ti,DISCRETE,16.0,64,DDR5,6006,MHz,PCMark 10,RENDER,21786,https://www.3dmark.com/pcm10b/2257388,2026-09-16,ACCEPT,"Valid result; Productivity score 10701 được sử dụng làm target, không phải PCMark 10 Overall score 9038. CPU clock 5050 MHz; RAM 64GB DDR5 @ 6006 MHz. Spreadsheets sử dụng AMD gfx1036 thay vì RTX 5070 Ti rời, nên kiểm tra lại workload device selection trước khi ACCEPT. Windows 11; driver 32.0.15.7700; VBS/HVCI Running.",Win 11,amdryzen77800x3d,geforcertx5070ti,34277,32346,0,0,50.0,1
RUN-RENDER-030,AMD Ryzen 7 7800X3D,NVIDIA GeForce RTX 3050 8GB,DISCRETE,8.0,32,DDR5,6406,MHz,PCMark 10,RENDER,13750,https://www.3dmark.com/pcm10b/2238312,2026-09-16,ACCEPT,"Valid result; Productivity score 10741 được sử dụng làm target, không phải PCMark 10 Overall score 7795. CPU clock 5100 MHz; RAM 32GB DDR5 @ 6406 MHz. Windows 11; driver 32.0.15.6094; VBS/HVCI Running.",Win 11,amdryzen77800x3d,geforcertx30508gb,34277,12460,0,0,30.0,1
RUN-RENDER-108,Intel Core i5-12400F Processor,NVIDIA GeForce RTX 5060 Ti 16 GB,DISCRETE,16.0,32,DDR5,5984,MHz,PCMark 10,RENDER,16830,https://www.3dmark.com/pcm10b/2198485,2026-10-03,ACCEPT,,Win 11,intelcorei512400f,geforcertx5060ti16gb,19539,22619,1,0,50.0,1
RUN-RENDER-117,Intel Core i5-14400F,NVIDIA GeForce RTX 3050 8GB,DISCRETE,8.0,32,DDR5,4788,MHz,PCMark 10,RENDER,13609,https://www.3dmark.com/pcm10b/2119754,2026-10-03,ACCEPT,,Win 11,intelcorei514400f,geforcertx30508gb,25418,12460,1,0,30.0,1
RUN-RENDER-002,AMD Ryzen 5 5500,NVIDIA GeForce RTX 3060 12GB,DISCRETE,12.0,16,DDR4,3192,MHz,PCMark 10,RENDER,12043,https://www.3dmark.com/pcm10b/1514331,2026-09-15,ACCEPT,"Valid result; Productivity score 9456 được sử dụng làm target, không phải PCMark 10 Overall score 7031. CPU clock 4241 MHz; RAM 16GB DDR4 @ 3192 MHz. Windows 11; driver 30.0.14.7212; VBS/HVCI Disabled.",Win 11,amdryzen55500,geforcertx306012gb,19252,16710,0,0,30.0,1
RUN-RENDER-053,Intel Core Ultra 7 Processor 265F,NVIDIA GeForce RTX 5070 Ti,DISCRETE,16.0,32,DDR5,5586,MHz,PCMark 10,RENDER,26481,https://www.3dmark.com/pcm10b/2194124,2026-09-16,ACCEPT,"Valid result; Productivity score 8438 được sử dụng làm target, không phải PCMark 10 Overall score 8378. CPU clock 5289 MHz; RAM 32GB DDR5 @ 5586 MHz. Windows 11; driver 32.0.15.7688; VBS/HVCI Running.",Win 11,intelcoreultra7265f,geforcertx5070ti,49402,32346,1,1,50.0,1
RUN-RENDER-022,Intel Core Ultra 7 Processor 265KF,NVIDIA GeForce RTX 4060 Ti 8 GB,DISCRETE,8.0,96,DDR5,4800,MHz,PCMark 10,RENDER,22718,https://www.3dmark.com/pcm10b/2230068,2026-09-16,ACCEPT,"Valid result; Productivity score 11399 được sử dụng làm target, không phải PCMark 10 Overall score 8987. CPU clock 5501 MHz; RAM 96GB DDR5 @ 4800 MHz. Windows 11; driver 32.0.15.8142; VBS/HVCI Running.",Win 11,intelcoreultra7265kf,geforcertx4060ti8gb,58517,22596,1,1,40.0,1
RUN-RENDER-003,AMD Ryzen 5 5500,NVIDIA GeForce RTX 4060 Ti 8 GB,DISCRETE,8.0,16,DDR4,2394,MHz,PCMark 10,RENDER,12205,https://www.3dmark.com/pcm10b/1975388,2026-09-15,ACCEPT,"Valid result; Productivity score 8953 được sử dụng làm target, không phải PCMark 10 Overall score 7003. CPU clock 4907 MHz; RAM 16GB DDR4 @ 2394 MHz. CPU clock khá cao, cần kiểm tra điều kiện boost/tuning trước khi ACCEPT. Windows 11; driver 32.0.15.5599; VBS/HVCI Disabled.",Win 11,amdryzen55500,geforcertx4060ti8gb,19252,22596,0,0,40.0,1
RUN-RENDER-024,Intel Core Ultra 7 Processor 265KF,NVIDIA GeForce RTX 4080 SUPER,DISCRETE,16.0,48,DDR5,8200,MHz,PCMark 10,RENDER,26573,https://www.3dmark.com/pcm10b/2131686,2026-09-16,ACCEPT,"Valid result; Productivity score 11071 được sử dụng làm target, không phải PCMark 10 Overall score 9325. CPU clock 5300 MHz; RAM 48GB DDR5 @ 8200 MHz. RAM speed rất cao, cần kiểm tra điều kiện memory overclock/XMP trước khi ACCEPT. Windows 11; driver 32.0.15.7216; VBS/HVCI Disabled.",Win 11,intelcoreultra7265kf,geforcertx4080super,58517,34225,1,1,40.0,1
RUN-RENDER-104,Intel Core i5-12400F Processor,NVIDIA GeForce RTX 4060 Ti 8 GB,DISCRETE,8.0,32,DDR4,3192,MHz,PCMark 10,RENDER,15467,https://www.3dmark.com/pcm10b/1983293,2026-10-03,ACCEPT,,Win 10,intelcorei512400f,geforcertx4060ti8gb,19539,22596,1,0,40.0,0
RUN-RENDER-100,AMD Ryzen 9 9950X3D,NVIDIA GeForce RTX 5080,DISCRETE,16.0,64,DDR5,5996,MHz,PCMark 10,RENDER,27181,https://www.3dmark.com/pcm10b/2177726,2026-09-16,ACCEPT,"Valid result; Productivity score 14079 được sử dụng làm target, không phải PCMark 10 Overall score 10974. CPU clock 5728 MHz; RAM 64GB DDR5 @ 5996 MHz. Spreadsheets đã sử dụng NVIDIA GeForce GTX 1080 thay vì RTX 5080 rời, nên cần xem lại việc chọn workload device trước khi ACCEPT. Windows 11; driver 32.0.15.7652; VBS/HVCI Running.",Win 11,amdryzen99950x3d,geforcertx5080,70109,35623,0,0,50.0,1
RUN-RENDER-088,Intel Core Ultra 9 Processor 285K,NVIDIA GeForce RTX 5060,DISCRETE,8.0,96,DDR5,6000,MHz,PCMark 10,RENDER,25673,https://www.3dmark.com/pcm10b/2190170,2026-09-16,ACCEPT,"Valid result; Productivity score 11581 được sử dụng làm target, không phải PCMark 10 Overall score 9136. CPU clock 5700 MHz; RAM 96GB DDR5 @ 6000 MHz. Spreadsheets đã sử dụng Intel Graphics thay vì RTX 5060 rời, nên cần xem lại việc chọn workload device trước khi ACCEPT. Windows 11; driver 32.0.15.7680; VBS/HVCI Running.",Win 11,intelcoreultra9285k,geforcertx5060,67264,20659,1,1,50.0,1
RUN-RENDER-119,Intel Core i5-14400F,NVIDIA GeForce RTX 4060 Ti 8GB,DISCRETE,8.0,16,DDR4,3192,MHz,PCMark 10,RENDER,16467,https://www.3dmark.com/pcm10b/1890291,2026-10-03,ACCEPT,,Win 11,intelcorei514400f,geforcertx4060ti8gb,25418,22596,1,0,40.0,1
RUN-RENDER-075,Intel Core i9 processor 14900K,NVIDIA GeForce RTX 4060 Ti 8 GB,DISCRETE,8.0,64,DDR5,4800,MHz,PCMark 10,RENDER,23205,https://www.3dmark.com/pcm10b/2001100,2026-09-16,ACCEPT,"Valid result; Productivity score 12309 được sử dụng làm target, không phải PCMark 10 Overall score 10141. CPU clock 6000 MHz rất cao, nên cần xem lại điều kiện boost/overclock trước khi ACCEPT. RAM 64GB @ 4800 MHz. Loại memory không được nguồn nêu rõ, nên RamType để trống. Windows 11; driver 32.0.15.6081; VBS/HVCI Disabled.",Win 11,intelcorei914900k,geforcertx4060ti8gb,58253,22596,1,0,40.0,1
RUN-RENDER-087,Intel Core Ultra 9 Processor 285K,NVIDIA GeForce RTX 4080 SUPER,DISCRETE,16.0,32,DDR5,7600,MHz,PCMark 10,RENDER,28260,https://www.3dmark.com/pcm10b/2077359,2026-09-16,ACCEPT,"Valid result; Productivity score 13044 được sử dụng làm target, không phải PCMark 10 Overall score 10464. CPU clock 5700 MHz; RAM 32GB @ 7600 MHz. Loại memory không được nguồn nêu rõ, nên RamType để trống. RAM speed rất cao, nên cần xem lại điều kiện XMP/overclock trước khi ACCEPT. Windows 11; driver 32.0.15.6636; VBS Running; HVCI Disabled.",Win 11,intelcoreultra9285k,geforcertx4080super,67264,34225,1,1,40.0,1
RUN-RENDER-083,Intel Core Ultra 9 Processor 285K,NVIDIA GeForce RTX 3050 8GB,DISCRETE,8.0,48,DDR5,7600,MHz,PCMark 10,RENDER,19116,https://www.3dmark.com/pcm10b/2085042,2026-09-16,ACCEPT,"Valid result; Productivity score 12077 được sử dụng làm target, không phải PCMark 10 Overall score 8454. CPU clock 5701 MHz; RAM 48GB @ 7600 MHz. Loại memory không được nguồn nêu rõ, nên RamType để trống. RAM speed rất cao, nên cần xem lại điều kiện XMP/overclock trước khi ACCEPT. Windows 11; driver 32.0.15.6636; VBS/HVCI Disabled.",Win 11,intelcoreultra9285k,geforcertx30508gb,67264,12460,1,1,30.0,1
RUN-RENDER-122,Intel Core i5-14400F,NVIDIA GeForce RTX 5060 Ti 8GB,DISCRETE,8.0,16,DDR5,4388,MHz,PCMark 10,RENDER,17797,https://www.3dmark.com/pcm10b/2179007,2026-10-03,ACCEPT,,Win 11,intelcorei514400f,geforcertx5060ti8gb,25418,21876,1,0,50.0,1
RUN-RENDER-130,AMD Ryzen 5 5500,NVIDIA GeForce RTX 5050,DISCRETE,8.0,16,DDR4,3192,MHz,PCMark 10,RENDER,11723,https://www.3dmark.com/pcm10b/2314559,2026-10-03,ACCEPT,,Win 11,amdryzen55500,geforcertx5050,19252,16839,0,0,50.0,1
RUN-RENDER-021,Intel Core Ultra 7 Processor 265KF,NVIDIA GeForce RTX 3060 12GB,DISCRETE,12.0,48,DDR5,7998,MHz,PCMark 10,RENDER,17477,https://www.3dmark.com/pcm10b/2170975,2026-09-16,ACCEPT,"Valid result; Productivity score 10934 được sử dụng làm target, không phải PCMark 10 Overall score 8158. CPU clock 5500 MHz; RAM 48GB DDR5 @ 7998 MHz. RAM speed rất cao, cần kiểm tra điều kiện memory overclock/XMP trước khi ACCEPT. Windows 11; driver 32.0.15.7652; VBS/HVCI Running.",Win 11,intelcoreultra7265kf,geforcertx306012gb,58517,16710,1,1,30.0,1
RUN-RENDER-061,Intel Core i7 processor 14700K,NVIDIA GeForce RTX 5060,DISCRETE,8.0,64,DDR5,4400,MHz,PCMark 10,RENDER,22665,https://www.3dmark.com/pcm10b/2191901,2026-09-16,ACCEPT,"Valid result; Productivity score 7876 được sử dụng làm target, không phải PCMark 10 Overall score 7598. CPU clock 5600 MHz; RAM 64GB DDR5 @ 4400 MHz. Windows 11; driver 32.0.15.7680; VBS/HVCI Running.",Win 11,intelcorei714700k,geforcertx5060,51957,20659,1,0,50.0,1
RUN-RENDER-072,AMD Ryzen 9 9900X3D,NVIDIA GeForce RTX 5080,DISCRETE,16.0,64,DDR5,4798,MHz,PCMark 10,RENDER,23466,https://www.3dmark.com/pcm10b/2160426,2026-09-16,ACCEPT,"Valid result; Productivity score 12117 được sử dụng làm target, không phải PCMark 10 Overall score 9724. CPU clock 5704 MHz; RAM 64GB DDR5 @ 4798 MHz. Spreadsheets đã sử dụng AMD gfx1036 thay vì RTX 5080 rời, nên cần xem lại việc chọn workload device trước khi ACCEPT. Windows 11; driver 32.0.15.7628; VBS/HVCI Disabled.",Win 11,amdryzen99900x3d,geforcertx5080,56127,35623,0,0,50.0,1
RUN-RENDER-107,Intel Core i5-12400F Processor,NVIDIA GeForce RTX 5060,DISCRETE,8.0,16,DDR4,2660,MHz,PCMark 10,RENDER,15523,https://www.3dmark.com/pcm10b/2246298,2026-10-03,ACCEPT,,Win 11,intelcorei512400f,geforcertx5060,19539,20659,1,0,50.0,1
RUN-RENDER-015,Intel Core i5-11600 Processor,NVIDIA GeForce RTX 3060 12GB,DISCRETE,12.0,32,DDR4,3192,MHz,PCMark 10,RENDER,12125,https://www.3dmark.com/pcm10b/1496833,2026-09-16,ACCEPT,"Valid result; Productivity score 9923 được sử dụng làm target, không phải PCMark 10 Overall score 7280. CPU clock 4791 MHz; RAM 32GB DDR4 @ 3192 MHz. Windows 11; driver 30.0.14.7212; VBS/HVCI Disabled.",Win 11,intelcorei511600,geforcertx306012gb,17950,16710,1,0,30.0,1
RUN-RENDER-093,AMD Ryzen 9 9950X3D,NVIDIA GeForce RTX 3060 12GB,DISCRETE,12.0,192,DDR5,3592,MHz,PCMark 10,RENDER,20558,https://www.3dmark.com/pcm10b/2177566,2026-09-16,ACCEPT,"Valid result; Productivity score 12137 được sử dụng làm target, không phải PCMark 10 Overall score 9425. CPU clock 5914 MHz cao, nên cần xem lại điều kiện boost/overclock trước khi ACCEPT. RAM 192GB DDR5 @ 3592 MHz. Windows 11; driver 32.0.15.7666; VBS/HVCI Running.",Win 11,amdryzen99950x3d,geforcertx306012gb,70109,16710,0,0,30.0,1
RUN-RENDER-103,Intel Core i5-12400F Processor,NVIDIA GeForce RTX 3060 12GB,DISCRETE,12.0,16,DDR4,3590,MHz,PCMark 10,RENDER,13622,https://www.3dmark.com/pcm10b/1621109,2026-10-03,ACCEPT,,Win 10,intelcorei512400f,geforcertx306012gb,19539,16710,1,0,30.0,0
