ReferenceId,ComponentType,ModelName,TestName,TestVersion,Metric,RawScore,SourceUrl,CheckedAt,ReviewStatus,ReviewNote
REF-CPU-001-M,CPU,AMD Ryzen 5 5500,PassMark CPU,V10,CPU Mark,19252,https://www.cpubenchmark.net/cpu.php?cpu=AMD+Ryzen+5+5500&id=4807,2026-09-16,ACCEPT,PassMark average CPU Mark / Multithread Rating for AMD Ryzen 5 5500.
REF-CPU-002-M,CPU,Intel Core i3-12100F,PassMark CPU,V10,CPU Mark,13953,https://www.cpubenchmark.net/cpu.php?cpu=Intel+Core+i3-12100F&id=4670,2026-09-16,ACCEPT,PassMark average CPU Mark / Multithread Rating for Intel Core i3-12100F.
REF-CPU-003-M,CPU,AMD Ryzen 5 5600G,PassMark CPU,V10,CPU Mark,19636,https://www.cpubenchmark.net/cpu.php?cpu=AMD+Ryzen+5+5600G&id=4325,2026-09-16,ACCEPT,PassMark average CPU Mark / Multithread Rating for AMD Ryzen 5 5600G.
REF-CPU-004-M,CPU,Intel Core i5-11600 @ 2.80GHz,PassMark CPU,V10,CPU Mark,17950,https://www.cpubenchmark.net/cpu.php?cpu=Intel+Core+i5-11600+%40+2.80GHz&id=4306,2026-09-16,ACCEPT,PassMark average CPU Mark / Multithread Rating for Intel Core i5-11600 @ 2.80GHz.
REF-CPU-005-M,CPU,AMD Ryzen 5 9500F,PassMark CPU,V10,CPU Mark,28312,https://www.cpubenchmark.net/cpu.php?cpu=AMD+Ryzen+5+9500F&id=7079,2026-09-16,ACCEPT,PassMark average CPU Mark / Multithread Rating for AMD Ryzen 5 9500F.
REF-CPU-006-M,CPU,Intel Core i5-14400,PassMark CPU,V10,CPU Mark,25078,https://www.cpubenchmark.net/cpu.php?cpu=Intel+Core+i5-14400&id=5868,2026-09-16,ACCEPT,PassMark average CPU Mark / Multithread Rating for Intel Core i5-14400.
REF-CPU-007-M,CPU,Intel Core Ultra 7 265KF,PassMark CPU,V10,CPU Mark,58517,https://www.cpubenchmark.net/cpu.php?cpu=Intel+Core+Ultra+7+265KF&id=6338,2026-09-16,ACCEPT,PassMark average CPU Mark / Multithread Rating for Intel Core Ultra 7 265KF.
REF-CPU-008-M,CPU,AMD Ryzen 7 7800X3D,PassMark CPU,V10,CPU Mark,34277,https://www.cpubenchmark.net/cpu.php?cpu=AMD+Ryzen+7+7800X3D&id=5299,2026-09-16,ACCEPT,PassMark average CPU Mark / Multithread Rating for AMD Ryzen 7 7800X3D.
REF-CPU-009-M,CPU,Intel Core i7-14700F,PassMark CPU,V10,CPU Mark,41313,https://www.cpubenchmark.net/cpu.php?cpu=Intel+Core+i7-14700F&id=5834,2026-09-16,ACCEPT,PassMark average CPU Mark / Multithread Rating for Intel Core i7-14700F.
REF-CPU-010-M,CPU,Intel Core Ultra 7 265F,PassMark CPU,V10,CPU Mark,49402,https://www.cpubenchmark.net/cpu.php?cpu=Intel+Core+Ultra+7+265F&id=6558,2026-09-16,ACCEPT,PassMark average CPU Mark / Multithread Rating for Intel Core Ultra 7 265F.
REF-CPU-011-M,CPU,Intel Core i7-14700K,PassMark CPU,V10,CPU Mark,51957,https://www.cpubenchmark.net/cpu.php?cpu=Intel+Core+i7-14700K&id=5719,2026-09-16,ACCEPT,PassMark average CPU Mark / Multithread Rating for Intel Core i7-14700K.
REF-CPU-012-M,CPU,AMD Ryzen 9 9900X3D,PassMark CPU,V10,CPU Mark,56127,https://www.cpubenchmark.net/cpu.php?cpu=AMD+Ryzen+9+9900X3D&id=6548,2026-09-16,ACCEPT,PassMark average CPU Mark / Multithread Rating for AMD Ryzen 9 9900X3D.
REF-CPU-013-M,CPU,Intel Core i9-14900K,PassMark CPU,V10,CPU Mark,58253,https://www.cpubenchmark.net/cpu.php?cpu=Intel+Core+i9-14900K&id=5717,2026-09-16,ACCEPT,PassMark average CPU Mark / Multithread Rating for Intel Core i9-14900K.
REF-CPU-014-M,CPU,Intel Core Ultra 9 285K,PassMark CPU,V10,CPU Mark,67264,https://www.cpubenchmark.net/cpu.php?cpu=Intel+Core+Ultra+9+285K&id=6296,2026-09-16,ACCEPT,PassMark average CPU Mark / Multithread Rating for Intel Core Ultra 9 285K.
REF-CPU-015-M,CPU,AMD Ryzen 9 9950X3D,PassMark CPU,V10,CPU Mark,70109,https://www.cpubenchmark.net/cpu.php?cpu=AMD+Ryzen+9+9950X3D&id=6549,2026-09-16,ACCEPT,PassMark average CPU Mark / Multithread Rating for AMD Ryzen 9 9950X3D.
REF-GPU-001,GPU,GeForce RTX 3050 8GB,PassMark GPU,V10,G3D Mark,12460,https://www.videocardbenchmark.net/gpu.php?gpu=GeForce+RTX+3050+8GB&id=4495,2026-09-16,ACCEPT,PassMark average G3D Mark for GeForce RTX 3050 8GB.
REF-GPU-002,GPU,GeForce RTX 3060 12GB,PassMark GPU,V10,G3D Mark,16710,https://www.videocardbenchmark.net/gpu.php?gpu=GeForce+RTX+3060+12GB&id=4345,2026-09-16,ACCEPT,PassMark average G3D Mark for GeForce RTX 3060 12GB.
REF-GPU-003,GPU,GeForce RTX 4060 Ti 8GB,PassMark GPU,V10,G3D Mark,22596,https://www.videocardbenchmark.net/gpu.php?gpu=GeForce+RTX+4060+Ti&id=4827,2026-09-16,ACCEPT,PassMark average G3D Mark for GeForce RTX 4060 Ti 8GB.
REF-GPU-004,GPU,GeForce RTX 4070 SUPER,PassMark GPU,V10,G3D Mark,29942,https://www.videocardbenchmark.net/gpu.php?gpu=GeForce+RTX+4070+SUPER&id=4973,2026-09-16,ACCEPT,PassMark average G3D Mark for GeForce RTX 4070 SUPER.
REF-GPU-005,GPU,GeForce RTX 4080 SUPER,PassMark GPU,V10,G3D Mark,34225,https://www.videocardbenchmark.net/gpu.php?gpu=GeForce+RTX+4080+SUPER&id=4984,2026-09-16,ACCEPT,PassMark average G3D Mark for GeForce RTX 4080 SUPER.
REF-GPU-006,GPU,GeForce RTX 5050,PassMark GPU,V10,G3D Mark,16839,https://www.videocardbenchmark.net/gpu.php?gpu=GeForce+RTX+5050&id=6668,2026-09-16,ACCEPT,PassMark average G3D Mark for GeForce RTX 5050.
REF-GPU-007,GPU,GeForce RTX 5060,PassMark GPU,V10,G3D Mark,20659,https://www.videocardbenchmark.net/gpu.php?gpu=GeForce+RTX+5060&id=5602,2026-09-16,ACCEPT,PassMark average G3D Mark for GeForce RTX 5060.
REF-GPU-008,GPU,GeForce RTX 5060 Ti 16GB,PassMark GPU,V10,G3D Mark,22619,https://www.videocardbenchmark.net/gpu.php?gpu=GeForce+RTX+5060+Ti+16GB&id=6160,2026-09-16,ACCEPT,PassMark average G3D Mark for GeForce RTX 5060 Ti 16GB.
REF-GPU-009,GPU,GeForce RTX 5070,PassMark GPU,V10,G3D Mark,28652,https://www.videocardbenchmark.net/gpu.php?gpu=GeForce+RTX+5070&id=5940,2026-09-16,ACCEPT,PassMark average G3D Mark for GeForce RTX 5070.
REF-GPU-010,GPU,GeForce RTX 5070 Ti,PassMark GPU,V10,G3D Mark,32346,https://www.videocardbenchmark.net/gpu.php?gpu=GeForce+RTX+5070+Ti&id=5878,2026-09-16,ACCEPT,PassMark average G3D Mark for GeForce RTX 5070 Ti.
REF-GPU-011,GPU,GeForce RTX 5080,PassMark GPU,V10,G3D Mark,35623,https://www.videocardbenchmark.net/gpu.php?gpu=GeForce+RTX+5080&id=5721,2026-09-16,ACCEPT,PassMark average G3D Mark for GeForce RTX 5080.
