RunId,MachineGroupId,CpuModel,GpuModel,GraphicsType,RamCapacityGb,RamType,RamSpeedRaw,RamSpeedUnit,TestName,TestVersion,AppVersion,Metric,Score,SourceUrl,CheckedAt,Settings,ReviewStatus,ReviewNote,CpuSingleRefId,CpuMultiRefId,GpuRefId,CpuKey,GpuKey,CpuMultiScore,GpuScore
RUN-GAMING-001,,AMD Ryzen 5 5500,NVIDIA GeForce RTX 3050 8GB,DISCRETE,16,DDR4,3332,MHz,Time Spy,,,Overall,7185.0,https://www.3dmark.com/spy/44895627,2026-09-15,Chưa rõ,ACCEPT,"Valid result; GPU clock 2152 MHz, CPU clock 4528 MHz. Windows 10; driver 31.0.15.4633; VBS/HVCI Disabled.",,REF-CPU-001-M,REF-GPU-001,amdryzen55500,geforcertx30508gb,19252.0,12460.0
RUN-GAMING-002,,AMD Ryzen 5 5500,NVIDIA GeForce RTX 3060 12GB,DISCRETE,16,DDR4,3198,MHz,Time Spy,,,Overall,9680.0,https://www.3dmark.com/spy/59871496,2026-09-15,Chưa rõ,ACCEPT,"Valid result; GPU clock 2197 MHz, CPU clock 4483 MHz. Windows 11; driver 32.0.15.8180; VBS/HVCI Disabled.",,REF-CPU-001-M,REF-GPU-002,amdryzen55500,geforcertx306012gb,19252.0,16710.0
RUN-GAMING-003,,AMD Ryzen 5 5500,NVIDIA GeForce RTX 4060 Ti 8 GB,DISCRETE,32,DDR4,3996,MHz,Time Spy,,,Overall,13197.0,https://www.3dmark.com/spy/44412944,2026-09-15,Chưa rõ,ACCEPT,"Valid result; GPU clock 3030 MHz, CPU clock 4502 MHz. Windows 11; driver 31.0.15.4633; VBS/HVCI Disabled.",,REF-CPU-001-M,REF-GPU-003,amdryzen55500,geforcertx4060ti8gb,19252.0,22596.0
RUN-GAMING-004,,AMD Ryzen 5 5500,NVIDIA GeForce RTX 4070 SUPER,DISCRETE,32,DDR4,3592,MHz,Time Spy,,,Overall,17775.0,https://www.3dmark.com/spy/48634827,2026-09-15,Chưa rõ,ACCEPT,"Valid result; GPU clock 3000 MHz, CPU clock 4590 MHz; CPU temperature 80 C, cần kiểm tra điều kiện boost/ép xung trước khi ACCEPT. Windows 11; driver 32.0.15.5599; VBS/HVCI Disabled.",,REF-CPU-001-M,REF-GPU-004,amdryzen55500,geforcertx4070super,19252.0,29942.0
RUN-GAMING-005,,AMD Ryzen 5 5500,NVIDIA GeForce RTX 4080 SUPER,DISCRETE,32,DDR4,3590,MHz,Time Spy,,,Overall,20502.0,https://www.3dmark.com/spy/49299055,2026-09-15,Chưa rõ,ACCEPT,"Valid result; GPU clock 2805 MHz, CPU clock 4433 MHz. Windows 11; driver 32.0.15.6070; VBS/HVCI Running.",,REF-CPU-001-M,REF-GPU-005,amdryzen55500,geforcertx4080super,19252.0,34225.0
RUN-GAMING-006,,AMD Ryzen 5 5500,NVIDIA GeForce RTX 5050,DISCRETE,16,DDR4,3598,MHz,Time Spy,,,Overall,10980.0,https://www.3dmark.com/spy/64418049,2026-09-15,Chưa rõ,ACCEPT,"Valid result; GPU clock 3390 MHz, CPU clock 4613 MHz; GPU temperature 83 C và xung GPU khá cao, cần kiểm tra điều kiện ép xung trước khi ACCEPT. Windows 11; driver 32.0.16.1062; VBS/HVCI Disabled.",,REF-CPU-001-M,REF-GPU-006,amdryzen55500,geforcertx5050,19252.0,16839.0
RUN-GAMING-007,,AMD Ryzen 5 5500,NVIDIA GeForce RTX 5060,DISCRETE,16,DDR4,3598,MHz,Time Spy,,,Overall,13772.0,https://www.3dmark.com/spy/65232117,2026-09-15,Chưa rõ,ACCEPT,"Valid result; GPU clock 3187 MHz, CPU clock 4568 MHz; xung GPU khá cao nên cần kiểm tra điều kiện boost/ép xung trước khi ACCEPT. Windows 11; driver 32.0.16.1088; VBS/HVCI Disabled.",,REF-CPU-001-M,REF-GPU-007,amdryzen55500,geforcertx5060,19252.0,20659.0
RUN-GAMING-008,,AMD Ryzen 5 5500,NVIDIA GeForce RTX 5060 Ti 16 GB,DISCRETE,32,DDR4,4184,MHz,Time Spy,,,Overall,15440.0,https://www.3dmark.com/spy/65724079,2026-09-16,Chưa rõ,ACCEPT,"Valid result; Time Spy Overall score 15440 used as target; GPU memory 16384 MB; GPU clock 3195 MHz, average 3070 MHz và memory clock 2063 MHz khá cao, cần kiểm tra điều kiện GPU overclock/tuning trước khi ACCEPT; CPU clock 4633 MHz, average 4624 MHz. RAM 32GB DDR4 @ 4184 MHz. Windows 11; driver 32.0.16.1692; VBS/HVCI Running.",,REF-CPU-001-M,REF-GPU-008,amdryzen55500,geforcertx5060ti16gb,19252.0,22619.0
RUN-GAMING-009,,AMD Ryzen 5 5500,NVIDIA GeForce RTX 5070,DISCRETE,32,DDR4,3634,MHz,Time Spy,,,Overall,18835.0,https://www.3dmark.com/spy/63213158,2026-09-15,Chưa rõ,ACCEPT,"Valid result; GPU clock 3060 MHz, CPU clock 4651 MHz; xung khá cao nên cần kiểm tra điều kiện boost/ép xung trước khi ACCEPT. Windows 11; driver 32.0.15.9621; VBS/HVCI Disabled.",,REF-CPU-001-M,REF-GPU-009,amdryzen55500,geforcertx5070,19252.0,28652.0
RUN-GAMING-010,,AMD Ryzen 5 5500,NVIDIA GeForce RTX 5070 Ti,DISCRETE,16,DDR4,3990,MHz,Time Spy,,,Overall,21423.0,https://www.3dmark.com/spy/59716155,2026-09-15,Chưa rõ,ACCEPT,"Valid result; GPU clock 3240 MHz, CPU clock 4559 MHz; cần kiểm tra điều kiện ép xung trước khi ACCEPT. Windows 11; driver 32.0.15.8180; VBS/HVCI Disabled.",,REF-CPU-001-M,REF-GPU-010,amdryzen55500,geforcertx5070ti,19252.0,32346.0
RUN-GAMING-011,,AMD Ryzen 5 5500,NVIDIA GeForce RTX 5080,DISCRETE,32,DDR4,3600,MHz,Time Spy,,,Overall,20709.0,https://www.3dmark.com/spy/61565494,2026-09-14,Chưa rõ,ACCEPT,"Valid result; RTX 5080 clock 3202 MHz, CPU 4276 MHz; cần kiểm tra điều kiện ép xung trước khi ACCEPT. Windows 11; driver 32.0.15.9174; VBS/HVCI Disabled.",,REF-CPU-001-M,REF-GPU-011,amdryzen55500,geforcertx5080,19252.0,35623.0
RUN-GAMING-012,,AMD Ryzen 5 5500,NVIDIA GeForce RTX 5080,DISCRETE,16,DDR4,3790,MHz,Time Spy,,,Overall,21833.0,https://www.3dmark.com/spy/55312776,2026-09-15,Chưa rõ,ACCEPT,"Valid result; GPU clock 2880 MHz, CPU clock 4512 MHz; cần kiểm tra điều kiện OC trước khi ACCEPT. Windows 10; driver 32.0.15.7602; VBS/HVCI Disabled.",,REF-CPU-001-M,REF-GPU-011,amdryzen55500,geforcertx5080,19252.0,35623.0
RUN-GAMING-013,,Intel Core i3-12100F Processor,NVIDIA GeForce RTX 3050 8GB,DISCRETE,16,DDR4,3192,MHz,Time Spy,,,Overall,7031.0,https://www.3dmark.com/spy/60086124,2026-09-15,Chưa rõ,ACCEPT,"Valid result; GPU clock 2242 MHz, CPU clock 4291 MHz. Windows 11; driver 32.0.15.8180; VBS/HVCI Disabled.",,REF-CPU-002-M,REF-GPU-001,intelcorei312100f,geforcertx30508gb,13953.0,12460.0
RUN-GAMING-014,,Intel Core i3-12100F Processor,NVIDIA GeForce RTX 3060 12GB,DISCRETE,16,DDR5,5980,MHz,Time Spy,,,Overall,9528.0,https://www.3dmark.com/spy/61356057,2026-09-15,Chưa rõ,ACCEPT,"Valid result; GPU clock 2182 MHz, CPU clock 5200 MHz; xung CPU hiển thị khá cao nên cần kiểm tra điều kiện chạy trước khi ACCEPT. Windows 11; driver 32.0.15.9174; VBS/HVCI Running.",,REF-CPU-002-M,REF-GPU-002,intelcorei312100f,geforcertx306012gb,13953.0,16710.0
RUN-GAMING-015,,Intel Core i3-12100F Processor,NVIDIA GeForce RTX 4060 Ti 8 GB,DISCRETE,32,DDR5,5982,MHz,Time Spy,,,Overall,12646.0,https://www.3dmark.com/spy/45222677,2026-09-15,Chưa rõ,ACCEPT,"Valid result; GPU clock 3090 MHz, CPU clock 4291 MHz; xung GPU hiển thị khá cao nên cần kiểm tra điều kiện chạy trước khi ACCEPT. Windows 11; driver 31.0.15.4633; VBS/HVCI Running.",,REF-CPU-002-M,REF-GPU-003,intelcorei312100f,geforcertx4060ti8gb,13953.0,22596.0
RUN-GAMING-016,,Intel Core i3-12100F Processor,NVIDIA GeForce RTX 4070 SUPER,DISCRETE,32,DDR5,6384,MHz,Time Spy,,,Overall,16349.0,https://www.3dmark.com/spy/48190027,2026-09-15,Chưa rõ,ACCEPT,"Valid result; GPU clock 3045 MHz, CPU clock 4389 MHz; xung GPU hiển thị khá cao nên cần kiểm tra điều kiện chạy trước khi ACCEPT. Windows 10; driver 32.0.15.5585; VBS/HVCI Disabled.",,REF-CPU-002-M,REF-GPU-004,intelcorei312100f,geforcertx4070super,13953.0,29942.0
RUN-GAMING-017,,Intel Core i3-12100F Processor,NVIDIA GeForce RTX 4080 SUPER,DISCRETE,32,DDR5,5984,MHz,Time Spy,,,Overall,19109.0,https://www.3dmark.com/spy/58154350,2026-09-15,Chưa rõ,ACCEPT,"Valid result; GPU clock 2760 MHz, CPU clock 4091 MHz. Windows 10; driver 32.0.15.7680; VBS/HVCI Disabled.",,REF-CPU-002-M,REF-GPU-005,intelcorei312100f,geforcertx4080super,13953.0,34225.0
RUN-GAMING-018,,Intel Core i3-12100F Processor,NVIDIA GeForce RTX 5050,DISCRETE,16,DDR5,4986,MHz,Time Spy,,,Overall,10322.0,https://www.3dmark.com/spy/63930121,2026-09-15,Chưa rõ,ACCEPT,"Valid result; GPU clock 3225 MHz, CPU clock 4091 MHz. GPU clock khá cao nên cần kiểm tra điều kiện boost/ép xung trước khi ACCEPT. Windows 11; driver 32.0.16.1047; VBS Running; HVCI Disabled.",,REF-CPU-002-M,REF-GPU-006,intelcorei312100f,geforcertx5050,13953.0,16839.0
RUN-GAMING-019,,Intel Core i3-12100F Processor,NVIDIA GeForce RTX 5060,DISCRETE,32,DDR4,3590,MHz,Time Spy,,,Overall,12970.0,https://www.3dmark.com/spy/62124391,2026-09-15,Chưa rõ,ACCEPT,"Valid result; GPU clock 3240 MHz, CPU clock 4291 MHz; GPU clock khá cao nên cần kiểm tra điều kiện boost/ép xung trước khi ACCEPT. Windows 11; driver 32.0.15.9186; VBS Running; HVCI Disabled.",,REF-CPU-002-M,REF-GPU-007,intelcorei312100f,geforcertx5060,13953.0,20659.0
RUN-GAMING-021,,Intel Core i3-12100F Processor,NVIDIA GeForce RTX 5070,DISCRETE,16,DDR4,3590,MHz,Time Spy,,,Overall,17282.0,https://www.3dmark.com/spy/58011364,2026-09-15,Chưa rõ,ACCEPT,"Valid result; GPU clock 2947 MHz, CPU clock 4091 MHz. Windows 11; driver 32.0.15.7283; VBS/HVCI Disabled.",,REF-CPU-002-M,REF-GPU-009,intelcorei312100f,geforcertx5070,13953.0,28652.0
RUN-GAMING-022,,Intel Core i3-12100F Processor,NVIDIA GeForce RTX 5070 Ti,DISCRETE,32,DDR4,3192,MHz,Time Spy,,,Overall,19073.0,https://www.3dmark.com/spy/56068690,2026-09-15,Chưa rõ,ACCEPT,"Valid result; GPU clock 3127 MHz, CPU clock 4290 MHz; GPU clock khá cao nên cần kiểm tra điều kiện boost/ép xung trước khi ACCEPT. Windows 10; driver 32.0.15.7283; VBS/HVCI Disabled.",,REF-CPU-002-M,REF-GPU-010,intelcorei312100f,geforcertx5070ti,13953.0,32346.0
RUN-GAMING-023,,Intel Core i3-12100F Processor,NVIDIA GeForce RTX 5080,DISCRETE,24,DDR5,6932,MHz,Time Spy,,,Overall,23217.0,https://www.3dmark.com/spy/58035771,2026-09-15,Chưa rõ,ACCEPT,"Valid result; GPU clock 3300 MHz, CPU clock 5201 MHz; xung rất cao so với thông số mặc định nên cần kiểm tra điều kiện ép xung trước khi ACCEPT. Windows 11; driver 32.0.15.8097; VBS/HVCI Running.",,REF-CPU-002-M,REF-GPU-011,intelcorei312100f,geforcertx5080,13953.0,35623.0
RUN-GAMING-024,,Intel Core i3-12100F Processor,NVIDIA GeForce RTX 5080,DISCRETE,64,DDR4,2988,MHz,Time Spy,,,Overall,21194.0,https://www.3dmark.com/spy/58747080,2026-09-15,Chưa rõ,ACCEPT,"Valid result; GPU clock 2895 MHz, CPU clock 5201 MHz; cần kiểm tra điều kiện ép xung trước khi ACCEPT. Windows 11; driver 32.0.15.8115; VBS/HVCI Disabled.",,REF-CPU-002-M,REF-GPU-011,intelcorei312100f,geforcertx5080,13953.0,35623.0
RUN-GAMING-025,,AMD Ryzen 5 5600G,NVIDIA GeForce RTX 3050 8GB,DISCRETE,16,DDR4,3792,MHz,Time Spy,,,Overall,7437.0,https://www.3dmark.com/spy/26286321,2026-09-15,Chưa rõ,ACCEPT,"Valid result; GPU clock 2220 MHz, CPU clock 4641 MHz; xung khá cao nên cần kiểm tra điều kiện boost/ép xung trước khi ACCEPT. Windows 11; driver 30.0.15.1165; VBS/HVCI Disabled.",,REF-CPU-003-M,REF-GPU-001,amdryzen55600g,geforcertx30508gb,19636.0,12460.0
RUN-GAMING-026,,AMD Ryzen 5 5600G,NVIDIA GeForce RTX 3060 12GB,DISCRETE,16,DDR4,4730,MHz,Time Spy,,,Overall,9823.0,https://www.3dmark.com/spy/32988892,2026-09-15,Chưa rõ,ACCEPT,"Valid result; GPU clock 2235 MHz, CPU clock 4551 MHz; RAM DDR4 4730 MHz khá cao nên cần kiểm tra điều kiện ép xung/XMP trước khi ACCEPT. Windows 10; driver 31.0.15.2698; VBS/HVCI Disabled.",,REF-CPU-003-M,REF-GPU-002,amdryzen55600g,geforcertx306012gb,19636.0,16710.0
RUN-GAMING-027,,AMD Ryzen 5 5600G,NVIDIA GeForce RTX 4060 Ti 8 GB,DISCRETE,32,DDR4,3598,MHz,Time Spy,,,Overall,13145.0,https://www.3dmark.com/spy/45182921,2026-09-15,Chưa rõ,ACCEPT,"Valid result; GPU clock 3060 MHz, CPU clock 4603 MHz; GPU clock khá cao nên cần kiểm tra điều kiện boost/ép xung trước khi ACCEPT. Windows 11; driver 31.0.15.5123; VBS/HVCI Disabled.",,REF-CPU-003-M,REF-GPU-003,amdryzen55600g,geforcertx4060ti8gb,19636.0,22596.0
RUN-GAMING-028,,AMD Ryzen 5 5600G,NVIDIA GeForce RTX 4070 SUPER,DISCRETE,32,DDR4,3924,MHz,Time Spy,,,Overall,17894.0,https://www.3dmark.com/spy/48721602,2026-09-15,Chưa rõ,ACCEPT,"Valid result; GPU clock 3015 MHz, CPU clock 4544 MHz; xung GPU khá cao nên cần kiểm tra điều kiện boost/ép xung trước khi ACCEPT. Windows 11; driver 32.0.15.5599; VBS/HVCI Disabled.",,REF-CPU-003-M,REF-GPU-004,amdryzen55600g,geforcertx4070super,19636.0,29942.0
RUN-GAMING-029,,AMD Ryzen 5 5600G,NVIDIA GeForce RTX 4080 SUPER,DISCRETE,32,DDR4,4398,MHz,Time Spy,,,Overall,20275.0,https://www.3dmark.com/spy/49026078,2026-09-15,Chưa rõ,ACCEPT,"Valid result; GPU clock 2745 MHz, CPU clock 4533 MHz; RAM DDR4 4398 MHz khá cao và CPU temperature 78 C nên cần kiểm tra điều kiện boost/ép xung trước khi ACCEPT. Windows 11; driver 32.0.15.5612; VBS/HVCI Disabled.",,REF-CPU-003-M,REF-GPU-005,amdryzen55600g,geforcertx4080super,19636.0,34225.0
RUN-GAMING-030,,AMD Ryzen 5 5600G,NVIDIA GeForce RTX 5050,DISCRETE,32,DDR4,3732,MHz,Time Spy,,,Overall,10569.0,https://www.3dmark.com/spy/58925412,2026-09-15,Chưa rõ,ACCEPT,"Valid result; GPU clock 3067 MHz, CPU clock 4651 MHz; xung CPU/GPU khá cao nên cần kiểm tra điều kiện boost/ép xung trước khi ACCEPT. Windows 11; driver 32.0.15.8129; VBS/HVCI Disabled.",,REF-CPU-003-M,REF-GPU-006,amdryzen55600g,geforcertx5050,19636.0,16839.0
RUN-GAMING-031,,AMD Ryzen 5 5600G,NVIDIA GeForce RTX 5060,DISCRETE,16,DDR4,2992,MHz,Time Spy,,,Overall,13664.0,https://www.3dmark.com/spy/65772396,2026-09-15,Chưa rõ,ACCEPT,"Valid result; GPU clock 3255 MHz, CPU clock 4489 MHz; xung GPU khá cao nên cần kiểm tra điều kiện boost/ép xung trước khi ACCEPT. Windows 11; driver 32.0.15.9571; VBS/HVCI Disabled.",,REF-CPU-003-M,REF-GPU-007,amdryzen55600g,geforcertx5060,19636.0,20659.0
RUN-GAMING-033,,AMD Ryzen 5 5600G,NVIDIA GeForce RTX 5070,DISCRETE,16,DDR4,3198,MHz,Time Spy,,,Overall,18306.0,https://www.3dmark.com/spy/65263434,2026-09-15,Chưa rõ,ACCEPT,"Valid result; GPU clock 3210 MHz, CPU clock 4552 MHz; xung GPU khá cao nên cần kiểm tra điều kiện boost/ép xung trước khi ACCEPT. Windows 11; driver 32.0.16.1088; VBS/HVCI Disabled.",,REF-CPU-003-M,REF-GPU-009,amdryzen55600g,geforcertx5070,19636.0,28652.0
RUN-GAMING-034,,AMD Ryzen 5 5600G,NVIDIA GeForce RTX 5070 Ti,DISCRETE,32,DDR4,3998,MHz,Time Spy,,,Overall,20722.0,https://www.3dmark.com/spy/61002365,2026-09-15,Chưa rõ,ACCEPT,"Valid result; GPU clock 3030 MHz, CPU clock 4461 MHz; RAM DDR4 3998 MHz khá cao nên cần kiểm tra điều kiện XMP/ép xung trước khi ACCEPT. Windows 10; driver 32.0.15.9159; VBS/HVCI Disabled.",,REF-CPU-003-M,REF-GPU-010,amdryzen55600g,geforcertx5070ti,19636.0,32346.0
RUN-GAMING-035,,AMD Ryzen 5 5600G,NVIDIA GeForce RTX 5080,DISCRETE,32,DDR4,3192,MHz,Time Spy,,,Overall,21542.0,https://www.3dmark.com/spy/57959424,2026-09-15,Chưa rõ,ACCEPT,"Valid result; GPU clock 2842 MHz, CPU clock 4482 MHz. Windows 10; driver 32.0.15.8088; VBS/HVCI Disabled.",,REF-CPU-003-M,REF-GPU-011,amdryzen55600g,geforcertx5080,19636.0,35623.0
RUN-GAMING-036,,AMD Ryzen 5 5600G,NVIDIA GeForce RTX 5080,DISCRETE,16,DDR4,3856,MHz,Time Spy,,,Overall,21353.0,https://www.3dmark.com/spy/55929960,2026-09-15,Chưa rõ,ACCEPT,"Valid result; GPU clock 2917 MHz, CPU clock 4443 MHz. Windows 10; driver 32.0.15.7283; VBS/HVCI Disabled.",,REF-CPU-003-M,REF-GPU-011,amdryzen55600g,geforcertx5080,19636.0,35623.0
RUN-GAMING-037,,Intel Core i5-11600 Processor,NVIDIA GeForce RTX 3050 8GB,DISCRETE,16,DDR4,3598,MHz,Time Spy,,,Overall,7019.0,https://www.3dmark.com/spy/28538308,2026-09-15,Chưa rõ,ACCEPT,"Valid result; GPU clock 2167 MHz, CPU clock 4800 MHz. Windows 11; driver 30.0.15.1259; VBS/HVCI Disabled.",,REF-CPU-004-M,REF-GPU-001,intelcorei511600,geforcertx30508gb,17950.0,12460.0
RUN-GAMING-038,,Intel Core i5-11600 Processor,NVIDIA GeForce RTX 3060 12GB,DISCRETE,32,DDR4,3458,MHz,Time Spy,,,Overall,9541.0,https://www.3dmark.com/spy/47983417,2026-09-15,Chưa rõ,ACCEPT,"Valid result; GPU clock 2092 MHz, CPU clock 4789 MHz. Windows 11; driver 31.0.15.5186; VBS/HVCI Disabled.",,REF-CPU-004-M,REF-GPU-002,intelcorei511600,geforcertx306012gb,17950.0,16710.0
RUN-GAMING-039,,Intel Core i5-11600 Processor,NVIDIA GeForce RTX 4060 Ti 8 GB,DISCRETE,32,DDR4,2398,MHz,Time Spy,,,Overall,12505.0,https://www.3dmark.com/spy/43470554,2026-09-15,Chưa rõ,ACCEPT,"Valid result; GPU clock 2775 MHz, CPU clock 4798 MHz. Windows 11; driver 31.0.15.4617; VBS/HVCI Disabled.",,REF-CPU-004-M,REF-GPU-003,intelcorei511600,geforcertx4060ti8gb,17950.0,22596.0
RUN-GAMING-040,,Intel Core i5-11600 Processor,NVIDIA GeForce RTX 4070 SUPER,DISCRETE,32,DDR4,3192,MHz,Time Spy,,,Overall,17521.0,https://www.3dmark.com/spy/47736952,2026-09-15,Chưa rõ,ACCEPT,"Valid result; GPU clock 2805 MHz, CPU clock 4789 MHz. Windows 11; driver 31.0.15.5222; VBS/HVCI Disabled.",,REF-CPU-004-M,REF-GPU-004,intelcorei511600,geforcertx4070super,17950.0,29942.0
RUN-GAMING-041,,Intel Core i5-11600 Processor,NVIDIA GeForce RTX 4070 SUPER,DISCRETE,32,DDR4,3200,MHz,Time Spy,,,Overall,17386.0,https://www.3dmark.com/spy/45522840,2026-09-15,Chưa rõ,ACCEPT,"Valid result; GPU clock 2850 MHz, CPU clock 4800 MHz. Windows 10; driver 31.0.15.5123; VBS/HVCI Disabled.",,REF-CPU-004-M,REF-GPU-004,intelcorei511600,geforcertx4070super,17950.0,29942.0
RUN-GAMING-042,,Intel Core i5-11600 Processor,NVIDIA GeForce RTX 5060,DISCRETE,32,DDR4,3590,MHz,Time Spy,,,Overall,13226.0,https://www.3dmark.com/spy/64011967,2026-09-15,Chưa rõ,ACCEPT,"Valid result; GPU clock 2895 MHz, CPU clock 4789 MHz. Windows 11; driver 32.0.16.1047; VBS/HVCI Disabled.",,REF-CPU-004-M,REF-GPU-007,intelcorei511600,geforcertx5060,17950.0,20659.0
RUN-GAMING-043,,Intel Core i5-11600 Processor,NVIDIA GeForce RTX 5060 Ti 16 GB,DISCRETE,32,DDR4,3192,MHz,Time Spy,,,Overall,14885.0,https://www.3dmark.com/spy/61711094,2026-09-15,Chưa rõ,ACCEPT,"Valid result; GPU clock 3172 MHz, CPU clock 4789 MHz. Windows 11; driver 32.0.15.9186; VBS/HVCI Disabled.",,REF-CPU-004-M,REF-GPU-008,intelcorei511600,geforcertx5060ti16gb,17950.0,22619.0
RUN-GAMING-044,,Intel Core i5-11600 Processor,NVIDIA GeForce RTX 5070,DISCRETE,32,DDR4,3592,MHz,Time Spy,,,Overall,18839.0,https://www.3dmark.com/spy/56168180,2026-09-15,Chưa rõ,ACCEPT,"Valid result; GPU clock 3135 MHz, CPU clock 4789 MHz. Windows 10; driver 32.0.15.7640; VBS/HVCI Disabled.",,REF-CPU-004-M,REF-GPU-009,intelcorei511600,geforcertx5070,17950.0,28652.0
RUN-GAMING-045,,Intel Core i5-11600 Processor,NVIDIA GeForce RTX 5070,DISCRETE,16,DDR4,3198,MHz,Time Spy,,,Overall,18055.0,https://www.3dmark.com/spy/63111606,2026-09-15,Chưa rõ,ACCEPT,"Valid result; GPU clock 2925 MHz, CPU clock 4800 MHz. Windows 11; driver 32.0.15.9597; VBS/HVCI Disabled.",,REF-CPU-004-M,REF-GPU-009,intelcorei511600,geforcertx5070,17950.0,28652.0
RUN-GAMING-046,,Intel Core i5-11600 Processor,NVIDIA GeForce RTX 5070,DISCRETE,16,DDR4,3600,MHz,Time Spy,,,Overall,17980.0,https://www.3dmark.com/spy/61590062,2026-09-15,Chưa rõ,ACCEPT,"Valid result; GPU clock 2880 MHz, CPU clock 4800 MHz. Windows 10; driver 32.0.15.7688; VBS/HVCI Disabled.",,REF-CPU-004-M,REF-GPU-009,intelcorei511600,geforcertx5070,17950.0,28652.0
RUN-GAMING-047,,Intel Core i5-11600 Processor,NVIDIA GeForce RTX 5070 Ti,DISCRETE,32,DDR4,3600,MHz,Time Spy,,,Overall,20343.0,https://www.3dmark.com/spy/53775310,2026-09-15,Chưa rõ,ACCEPT,"Valid result; GPU clock 2857 MHz, CPU clock 4800 MHz. Windows 11; driver 32.0.15.7260; VBS/HVCI Disabled.",,REF-CPU-004-M,REF-GPU-010,intelcorei511600,geforcertx5070ti,17950.0,32346.0
RUN-GAMING-048,,Intel Core i5-11600 Processor,NVIDIA GeForce RTX 5070 Ti,DISCRETE,32,DDR4,3192,MHz,Time Spy,,,Overall,20279.0,https://www.3dmark.com/spy/53701969,2026-09-15,Chưa rõ,ACCEPT,"Valid result; GPU clock 2985 MHz, CPU clock 4789 MHz. Windows 10; driver 32.0.15.7260; VBS/HVCI Disabled.",,REF-CPU-004-M,REF-GPU-010,intelcorei511600,geforcertx5070ti,17950.0,32346.0
RUN-GAMING-049,,Intel Core i5-11600 Processor,NVIDIA GeForce RTX 5070 Ti,DISCRETE,32,DDR4,3590,MHz,Time Spy,,,Overall,20232.0,https://www.3dmark.com/spy/57855953,2026-09-15,Chưa rõ,ACCEPT,"Valid result; GPU clock 2835 MHz, CPU clock 4789 MHz. Windows 11; driver 32.0.15.8088; VBS/HVCI Disabled.",,REF-CPU-004-M,REF-GPU-010,intelcorei511600,geforcertx5070ti,17950.0,32346.0
RUN-GAMING-050,,Intel Core i5-11600 Processor,NVIDIA GeForce RTX 5070 Ti,DISCRETE,32,DDR4,3200,MHz,Time Spy,,,Overall,19940.0,https://www.3dmark.com/spy/56046360,2026-09-15,Chưa rõ,ACCEPT,"Valid result; GPU clock 2872 MHz, CPU clock 4800 MHz. Windows 10; driver 32.0.15.7652; VBS/HVCI Disabled.",,REF-CPU-004-M,REF-GPU-010,intelcorei511600,geforcertx5070ti,17950.0,32346.0
RUN-GAMING-051,,Intel Core i5-11600 Processor,NVIDIA GeForce RTX 5070 Ti,DISCRETE,16,DDR4,2394,MHz,Time Spy,,,Overall,19350.0,https://www.3dmark.com/spy/59831952,2026-09-15,Chưa rõ,ACCEPT,"Valid result; GPU clock 2872 MHz, CPU clock 4789 MHz. Windows 10; driver 32.0.15.8180; VBS/HVCI Disabled.",,REF-CPU-004-M,REF-GPU-010,intelcorei511600,geforcertx5070ti,17950.0,32346.0
RUN-GAMING-052,,Intel Core i5-11600 Processor,NVIDIA GeForce RTX 5080,DISCRETE,64,DDR4,3600,MHz,Time Spy,,,Overall,21592.0,https://www.3dmark.com/spy/55218355,2026-09-15,Chưa rõ,ACCEPT,"Valid result; GPU clock 2940 MHz, CPU clock 4800 MHz. Windows 11; driver 32.0.15.7602; VBS/HVCI Disabled.",,REF-CPU-004-M,REF-GPU-011,intelcorei511600,geforcertx5080,17950.0,35623.0
RUN-GAMING-053,,Intel Core i5-11600 Processor,NVIDIA GeForce RTX 5080,DISCRETE,32,DDR4,3458,MHz,Time Spy,,,Overall,21522.0,https://www.3dmark.com/spy/54146147,2026-09-15,Chưa rõ,ACCEPT,"Valid result; GPU clock 2850 MHz, CPU clock 4789 MHz. Windows 11; driver 32.0.15.7270; VBS/HVCI Disabled.",,REF-CPU-004-M,REF-GPU-011,intelcorei511600,geforcertx5080,17950.0,35623.0
RUN-GAMING-054,,Intel Core i5-11600 Processor,NVIDIA GeForce RTX 5080,DISCRETE,64,DDR4,3200,MHz,Time Spy,,,Overall,19519.0,https://www.3dmark.com/spy/65049616,2026-09-15,Chưa rõ,ACCEPT,"Valid result; GPU clock 2910 MHz, CPU clock 4800 MHz. Windows 11; driver 32.0.16.1088; VBS/HVCI Running.",,REF-CPU-004-M,REF-GPU-011,intelcorei511600,geforcertx5080,17950.0,35623.0
RUN-GAMING-055,,AMD Ryzen 5 9500F,NVIDIA GeForce RTX 3060 12GB,DISCRETE,32,DDR5,5994,MHz,Time Spy,,,Overall,8960.0,https://www.3dmark.com/spy/58792817,2026-09-15,Chưa rõ,ACCEPT,"Valid result; GPU clock 1920 MHz, CPU clock 5040 MHz. Windows 11; driver 32.0.15.8129; VBS/HVCI Disabled.",,REF-CPU-005-M,REF-GPU-002,amdryzen59500f,geforcertx306012gb,28312.0,16710.0
RUN-GAMING-056,,AMD Ryzen 5 9500F,NVIDIA GeForce RTX 4060 Ti 8 GB,DISCRETE,16,DDR5,6008,MHz,Time Spy,,,Overall,12686.0,https://www.3dmark.com/spy/65745849,2026-09-15,Chưa rõ,ACCEPT,"Valid result; GPU clock 2730 MHz, CPU clock 5050 MHz. Windows 11; driver 32.0.16.1692; VBS/HVCI Disabled.",,REF-CPU-005-M,REF-GPU-003,amdryzen59500f,geforcertx4060ti8gb,28312.0,22596.0
RUN-GAMING-057,,AMD Ryzen 5 9500F,NVIDIA GeForce RTX 4070 SUPER,DISCRETE,32,DDR5,5998,MHz,Time Spy,,,Overall,18726.0,https://www.3dmark.com/spy/60894351,2026-09-15,Chưa rõ,ACCEPT,"Valid result; GPU clock 3015 MHz, CPU clock 5050 MHz; xung GPU khá cao nên cần kiểm tra điều kiện boost/ép xung trước khi ACCEPT. Windows 11; driver 32.0.15.9144; VBS/HVCI Disabled.",,REF-CPU-005-M,REF-GPU-004,amdryzen59500f,geforcertx4070super,28312.0,29942.0
RUN-GAMING-058,,AMD Ryzen 5 9500F,NVIDIA GeForce RTX 4080 SUPER,DISCRETE,32,DDR5,6006,MHz,Time Spy,,,Overall,22435.0,https://www.3dmark.com/spy/58899839,2026-09-15,Chưa rõ,ACCEPT,"Valid result; GPU clock 2820 MHz, CPU clock 5089 MHz. Windows 11; driver 32.0.15.8129; VBS/HVCI Running.",,REF-CPU-005-M,REF-GPU-005,amdryzen59500f,geforcertx4080super,28312.0,34225.0
RUN-GAMING-059,,AMD Ryzen 5 9500F,NVIDIA GeForce RTX 5050,DISCRETE,32,DDR5,5998,MHz,Time Spy,,,Overall,10380.0,https://www.3dmark.com/spy/63349001,2026-09-15,Chưa rõ,ACCEPT,"Valid result; GPU clock 2932 MHz, CPU clock 5049 MHz; CPU temperature 87 C khá cao nên cần kiểm tra điều kiện tản nhiệt/boost trước khi ACCEPT. Windows 11; driver 32.0.15.9621; VBS/HVCI Disabled.",,REF-CPU-005-M,REF-GPU-006,amdryzen59500f,geforcertx5050,28312.0,16839.0
RUN-GAMING-060,,AMD Ryzen 5 9500F,NVIDIA GeForce RTX 5060,DISCRETE,32,DDR5,6008,MHz,Time Spy,,,Overall,14310.0,https://www.3dmark.com/spy/64610048,2026-09-15,Chưa rõ,ACCEPT,"Valid result; GPU clock 3120 MHz, CPU clock 5218 MHz; xung CPU/GPU khá cao nên cần kiểm tra điều kiện boost/ép xung trước khi ACCEPT. Windows 11; driver 32.0.16.1074; VBS Running; HVCI Disabled.",,REF-CPU-005-M,REF-GPU-007,amdryzen59500f,geforcertx5060,28312.0,20659.0
RUN-GAMING-061,,AMD Ryzen 5 9500F,NVIDIA GeForce RTX 5060 Ti 16 GB,DISCRETE,32,DDR5,8000,MHz,Time Spy,,,Overall,16622.0,https://www.3dmark.com/spy/64995537,2026-09-15,Chưa rõ,ACCEPT,"Valid result; GPU clock 3195 MHz, CPU clock 5232 MHz; RAM DDR5 8000 MHz và xung CPU/GPU khá cao nên cần kiểm tra điều kiện XMP/ép xung trước khi ACCEPT. Windows 11; driver 32.0.16.1088; VBS/HVCI Disabled.",,REF-CPU-005-M,REF-GPU-008,amdryzen59500f,geforcertx5060ti16gb,28312.0,22619.0
RUN-GAMING-062,,AMD Ryzen 5 9500F,NVIDIA GeForce RTX 5070,DISCRETE,32,DDR5,5996,MHz,Time Spy,,,Overall,21143.0,https://www.3dmark.com/spy/65485489,2026-09-15,Chưa rõ,ACCEPT,"Valid result; GPU clock 3262 MHz, CPU clock 5232 MHz; xung CPU/GPU khá cao nên cần kiểm tra điều kiện boost/ép xung trước khi ACCEPT. Windows 11; driver 32.0.16.1656; VBS/HVCI Disabled.",,REF-CPU-005-M,REF-GPU-009,amdryzen59500f,geforcertx5070,28312.0,28652.0
RUN-GAMING-063,,AMD Ryzen 5 9500F,NVIDIA GeForce RTX 5070 Ti,DISCRETE,48,DDR5,6006,MHz,Time Spy,,,Overall,23262.0,https://www.3dmark.com/spy/60736407,2026-09-15,Chưa rõ,ACCEPT,"Valid result; GPU clock 3165 MHz, CPU clock 5070 MHz. Windows 11; driver 32.0.15.9159; VBS Running; HVCI Disabled.",,REF-CPU-005-M,REF-GPU-010,amdryzen59500f,geforcertx5070ti,28312.0,32346.0
RUN-GAMING-064,,AMD Ryzen 5 9500F,NVIDIA GeForce RTX 5080,DISCRETE,32,DDR5,5996,MHz,Time Spy,,,Overall,25819.0,https://www.3dmark.com/spy/62045886,2026-09-15,Chưa rõ,ACCEPT,"Valid result; GPU clock 3000 MHz, CPU clock 5057 MHz. Windows 11; driver 32.0.15.9186; VBS/HVCI Running.",,REF-CPU-005-M,REF-GPU-011,amdryzen59500f,geforcertx5080,28312.0,35623.0
RUN-GAMING-065,,AMD Ryzen 5 9500F,NVIDIA GeForce RTX 5080,DISCRETE,64,DDR5,5594,MHz,Time Spy,,,Overall,25542.0,https://www.3dmark.com/spy/60373598,2026-09-15,Chưa rõ,ACCEPT,"Valid result; GPU clock 3292 MHz, CPU clock 5040 MHz; xung GPU khá cao, cần kiểm tra điều kiện ép xung trước khi ACCEPT. Windows 11; driver 32.0.15.7688; VBS/HVCI Running.",,REF-CPU-005-M,REF-GPU-011,amdryzen59500f,geforcertx5080,28312.0,35623.0
RUN-GAMING-066,,Intel Core i5 processor 14400,NVIDIA GeForce RTX 3050 8GB,DISCRETE,32,DDR5,5586,MHz,Time Spy,,,Overall,6914.0,https://www.3dmark.com/spy/60100412,2026-09-15,Chưa rõ,ACCEPT,"Valid result; GPU clock 1935 MHz, CPU clock 4690 MHz. Windows 11; driver 32.0.15.8180; VBS/HVCI Disabled.",,REF-CPU-006-M,REF-GPU-001,intelcorei514400,geforcertx30508gb,25078.0,12460.0
RUN-GAMING-067,,Intel Core i5 processor 14400,NVIDIA GeForce RTX 3060 12GB,DISCRETE,32,DDR4,2660,MHz,Time Spy,,,Overall,9472.0,https://www.3dmark.com/spy/58999647,2026-09-15,Chưa rõ,ACCEPT,"Valid result; GPU clock 2040 MHz, CPU clock 4589 MHz. Windows 11; driver 32.0.15.7700; VBS/HVCI Disabled.",,REF-CPU-006-M,REF-GPU-002,intelcorei514400,geforcertx306012gb,25078.0,16710.0
RUN-GAMING-068,,Intel Core i5 processor 14400,NVIDIA GeForce RTX 4060 Ti 8 GB,DISCRETE,16,DDR4,4188,MHz,Time Spy,,,Overall,13924.0,https://www.3dmark.com/spy/45866590,2026-09-15,Chưa rõ,ACCEPT,"Valid result; GPU clock 2880 MHz, CPU clock 4689 MHz; RAM DDR4 4188 MHz khá cao nên cần kiểm tra điều kiện XMP/ép xung trước khi ACCEPT. Windows 11; driver 31.0.15.5152; VBS/HVCI Disabled.",,REF-CPU-006-M,REF-GPU-003,intelcorei514400,geforcertx4060ti8gb,25078.0,22596.0
RUN-GAMING-069,,Intel Core i5 processor 14400,NVIDIA GeForce RTX 4070 SUPER,DISCRETE,32,DDR5,6384,MHz,Time Spy,,,Overall,19319.0,https://www.3dmark.com/spy/61977919,2026-09-15,Chưa rõ,ACCEPT,"Valid result; GPU clock 2925 MHz, CPU clock 4689 MHz. Windows 11; driver 32.0.15.9174; VBS/HVCI Running.",,REF-CPU-006-M,REF-GPU-004,intelcorei514400,geforcertx4070super,25078.0,29942.0
RUN-GAMING-070,,Intel Core i5 processor 14400,NVIDIA GeForce RTX 5050,DISCRETE,16,DDR5,4788,MHz,Time Spy,,,Overall,10462.0,https://www.3dmark.com/spy/64617481,2026-09-15,Chưa rõ,ACCEPT,"Valid result; GPU clock 2940 MHz, CPU clock 4689 MHz. Windows 11; driver 32.0.16.1074; VBS Running; HVCI Disabled.",,REF-CPU-006-M,REF-GPU-006,intelcorei514400,geforcertx5050,25078.0,16839.0
RUN-GAMING-071,,Intel Core i5 processor 14400,NVIDIA GeForce RTX 5060,DISCRETE,32,DDR4,3192,MHz,Time Spy,,,Overall,14465.0,https://www.3dmark.com/spy/65020591,2026-09-15,Chưa rõ,ACCEPT,"Valid result; GPU clock 3270 MHz, CPU clock 4689 MHz; GPU clock khá cao và CPU temperature 77 C nên cần kiểm tra điều kiện boost/ép xung trước khi ACCEPT. Windows 11; driver 32.0.16.1088; VBS/HVCI Running.",,REF-CPU-006-M,REF-GPU-007,intelcorei514400,geforcertx5060,25078.0,20659.0
RUN-GAMING-072,,Intel Core i5 processor 14400,NVIDIA GeForce RTX 5060 Ti 16 GB,DISCRETE,32,DDR4,3590,MHz,Time Spy,,,Overall,16782.0,https://www.3dmark.com/spy/56045943,2026-09-15,Chưa rõ,ACCEPT,"Valid result; GPU clock 3210 MHz, CPU clock 4689 MHz; GPU clock khá cao nên cần kiểm tra điều kiện boost/ép xung trước khi ACCEPT. Windows 10; driver 32.0.15.7652; VBS/HVCI Disabled.",,REF-CPU-006-M,REF-GPU-008,intelcorei514400,geforcertx5060ti16gb,25078.0,22619.0
RUN-GAMING-073,,Intel Core i5 processor 14400,NVIDIA GeForce RTX 5070,DISCRETE,32,DDR4,3192,MHz,Time Spy,,,Overall,21365.0,https://www.3dmark.com/spy/64829736,2026-09-15,Chưa rõ,ACCEPT,"Valid result; GPU clock 3360 MHz, CPU clock 4689 MHz; GPU clock khá cao nên cần kiểm tra điều kiện boost/ép xung trước khi ACCEPT. Windows 11; driver 32.0.16.1074; VBS Running; HVCI Disabled.",,REF-CPU-006-M,REF-GPU-009,intelcorei514400,geforcertx5070,25078.0,28652.0
RUN-GAMING-074,,Intel Core i5 processor 14400,NVIDIA GeForce RTX 5070 Ti,DISCRETE,32,DDR5,5586,MHz,Time Spy,,,Overall,24125.0,https://www.3dmark.com/spy/56437647,2026-09-15,Chưa rõ,ACCEPT,"Valid result; GPU clock 2962 MHz, CPU clock 4689 MHz. Windows 11; driver 32.0.15.7652; VBS/HVCI Running.",,REF-CPU-006-M,REF-GPU-010,intelcorei514400,geforcertx5070ti,25078.0,32346.0
RUN-GAMING-075,,Intel Core i5 processor 14400,NVIDIA GeForce RTX 5070 Ti,DISCRETE,24,DDR5,5586,MHz,Time Spy,,,Overall,23575.0,https://www.3dmark.com/spy/62925519,2026-09-15,Chưa rõ,ACCEPT,"Valid result; GPU clock 2940 MHz, CPU clock 4689 MHz. Windows 11; driver 32.0.15.9597; VBS/HVCI Disabled.",,REF-CPU-006-M,REF-GPU-010,intelcorei514400,geforcertx5070ti,25078.0,32346.0
RUN-GAMING-076,,Intel Core i5 processor 14400,NVIDIA GeForce RTX 5070 Ti,DISCRETE,64,DDR5,5984,MHz,Time Spy,,,Overall,23438.0,https://www.3dmark.com/spy/63864539,2026-09-15,Chưa rõ,ACCEPT,"Valid result; GPU clock 2865 MHz, CPU clock 4689 MHz. Windows 11; driver 32.0.16.1047; VBS/HVCI Running.",,REF-CPU-006-M,REF-GPU-010,intelcorei514400,geforcertx5070ti,25078.0,32346.0
RUN-GAMING-077,,Intel Core i5 processor 14400,NVIDIA GeForce RTX 5080,DISCRETE,32,DDR5,6384,MHz,Time Spy,,,Overall,26313.0,https://www.3dmark.com/spy/56164122,2026-09-15,Chưa rõ,ACCEPT,"Valid result; GPU clock 2827 MHz, CPU clock 4689 MHz. Windows 11; driver 32.0.15.7652; VBS/HVCI Disabled.",,REF-CPU-006-M,REF-GPU-011,intelcorei514400,geforcertx5080,25078.0,35623.0
RUN-GAMING-078,,Intel Core i5 processor 14400,NVIDIA GeForce RTX 5080,DISCRETE,32,DDR5,5984,MHz,Time Spy,,,Overall,26074.0,https://www.3dmark.com/spy/58880662,2026-09-15,Chưa rõ,ACCEPT,"Valid result; GPU clock 2865 MHz, CPU clock 4690 MHz. Windows 11; driver 32.0.15.8129; VBS/HVCI Running.",,REF-CPU-006-M,REF-GPU-011,intelcorei514400,geforcertx5080,25078.0,35623.0
RUN-GAMING-079,,Intel Core i5 processor 14400,NVIDIA GeForce RTX 5080,DISCRETE,32,DDR5,4788,MHz,Time Spy,,,Overall,25790.0,https://www.3dmark.com/spy/57735212,2026-09-15,Chưa rõ,ACCEPT,"Valid result; GPU clock 2865 MHz, CPU clock 4689 MHz. Windows 10; driver 32.0.15.7700; VBS/HVCI Disabled.",,REF-CPU-006-M,REF-GPU-011,intelcorei514400,geforcertx5080,25078.0,35623.0
RUN-GAMING-080,,Intel Core Ultra 7 Processor 265KF,NVIDIA GeForce RTX 3050 8GB,DISCRETE,32,DDR5,4786,MHz,Time Spy,,,Overall,7144.0,https://www.3dmark.com/spy/62166064,2026-09-15,Chưa rõ,ACCEPT,"Valid result; GPU clock 2032 MHz, CPU clock 5487 MHz. Windows 11; driver 32.0.15.9186; VBS/HVCI Disabled.",,REF-CPU-007-M,REF-GPU-001,intelcoreultra7265kf,geforcertx30508gb,58517.0,12460.0
RUN-GAMING-081,,Intel Core Ultra 7 Processor 265KF,NVIDIA GeForce RTX 3060 12GB,DISCRETE,16,DDR5,6000,MHz,Time Spy,,,Overall,10271.0,https://www.3dmark.com/spy/61793398,2026-09-15,Chưa rõ,ACCEPT,"Valid result; GPU clock 2092 MHz, CPU clock 5500 MHz. Windows 11; driver 32.0.15.9186; VBS/HVCI Disabled.",,REF-CPU-007-M,REF-GPU-002,intelcoreultra7265kf,geforcertx306012gb,58517.0,16710.0
RUN-GAMING-082,,Intel Core Ultra 7 Processor 265KF,NVIDIA GeForce RTX 4060 Ti 8 GB,DISCRETE,32,DDR5,6000,MHz,Time Spy,,,Overall,14386.0,https://www.3dmark.com/spy/53644650,2026-09-19,Chưa rõ,ACCEPT,"Valid result; GPU clock 2880 MHz, CPU clock 5501 MHz. RAM 32GB DDR5 @ 6000 MHz. Updated with clean run data (replacing corrupted telemetry run). Windows 11; driver 32.0.15.7216; VBS/HVCI Running.",,REF-CPU-007-M,REF-GPU-003,intelcoreultra7265kf,geforcertx4060ti8gb,58517.0,22596.0
RUN-GAMING-083,,Intel Core Ultra 7 Processor 265KF,NVIDIA GeForce RTX 4070 SUPER,DISCRETE,32,DDR5,6382,MHz,Time Spy,,,Overall,22437.0,https://www.3dmark.com/spy/53337190,2026-09-15,Chưa rõ,ACCEPT,"Valid result; GPU clock 3030 MHz, CPU clock 5487 MHz; xung CPU/GPU khá cao nên cần kiểm tra điều kiện boost/ép xung trước khi ACCEPT. Windows 11; driver 32.0.15.7242; VBS/HVCI Disabled.",,REF-CPU-007-M,REF-GPU-004,intelcoreultra7265kf,geforcertx4070super,58517.0,29942.0
RUN-GAMING-084,,Intel Core Ultra 7 Processor 265KF,NVIDIA GeForce RTX 4080 SUPER,DISCRETE,32,DDR5,7800,MHz,Time Spy,,,Overall,28307.0,https://www.3dmark.com/spy/61331338,2026-09-15,Chưa rõ,ACCEPT,"Valid result; GPU clock 2940 MHz, CPU clock 5400 MHz; RAM DDR5 7800 MHz và xung CPU/GPU khá cao nên cần kiểm tra điều kiện XMP/ép xung trước khi ACCEPT. Windows 11; driver 32.0.15.9174; VBS/HVCI Disabled.",,REF-CPU-007-M,REF-GPU-005,intelcoreultra7265kf,geforcertx4080super,58517.0,34225.0
RUN-GAMING-085,,Intel Core Ultra 7 Processor 265KF,NVIDIA GeForce RTX 5050,DISCRETE,48,DDR5,8512,MHz,Time Spy,,,Overall,12186.0,https://www.3dmark.com/spy/63853698,2026-09-15,Chưa rõ,ACCEPT,"Valid result; GPU clock 3345 MHz, CPU clock 5587 MHz; RAM DDR5 8512 MHz và xung CPU/GPU rất cao nên cần kiểm tra điều kiện XMP/ép xung trước khi ACCEPT. Windows 11; driver 32.0.16.1047; VBS/HVCI Disabled.",,REF-CPU-007-M,REF-GPU-006,intelcoreultra7265kf,geforcertx5050,58517.0,16839.0
RUN-GAMING-086,,Intel Core Ultra 7 Processor 265KF,NVIDIA GeForce RTX 5060,DISCRETE,64,DDR5,5998,MHz,Time Spy,,,Overall,15842.0,https://www.3dmark.com/spy/65471128,2026-09-15,Chưa rõ,ACCEPT,"Valid result; GPU clock 3045 MHz, CPU clock 5600 MHz; xung CPU khá cao nên cần kiểm tra điều kiện boost/ép xung trước khi ACCEPT. Windows 11; driver 32.0.16.1656; VBS/HVCI Running.",,REF-CPU-007-M,REF-GPU-007,intelcoreultra7265kf,geforcertx5060,58517.0,20659.0
RUN-GAMING-087,,Intel Core Ultra 7 Processor 265KF,NVIDIA GeForce RTX 5060 Ti 16 GB,DISCRETE,96,DDR5,7182,MHz,Time Spy,,,Overall,19026.0,https://www.3dmark.com/spy/62424277,2026-09-15,Chưa rõ,ACCEPT,"Valid result; GPU clock 3352 MHz, CPU clock 5487 MHz; RAM DDR5 7182 MHz và xung GPU/CPU khá cao nên cần kiểm tra điều kiện XMP/ép xung trước khi ACCEPT. Windows 11; driver 32.0.15.9159; VBS Running; HVCI Disabled.",,REF-CPU-007-M,REF-GPU-008,intelcoreultra7265kf,geforcertx5060ti16gb,58517.0,22619.0
RUN-GAMING-088,,Intel Core Ultra 7 Processor 265KF,NVIDIA GeForce RTX 5070,DISCRETE,48,DDR5,8000,MHz,Time Spy,,,Overall,24816.0,https://www.3dmark.com/spy/59569232,2026-09-15,Chưa rõ,ACCEPT,"Valid result; GPU clock 3232 MHz, CPU clock 5401 MHz; RAM DDR5 8000 MHz và xung CPU/GPU khá cao nên cần kiểm tra điều kiện XMP/ép xung trước khi ACCEPT. Windows 10; driver 32.0.15.8157; VBS/HVCI Disabled.",,REF-CPU-007-M,REF-GPU-009,intelcoreultra7265kf,geforcertx5070,58517.0,28652.0
RUN-GAMING-089,,Intel Core Ultra 7 Processor 265KF,NVIDIA GeForce RTX 5070 Ti,DISCRETE,48,DDR5,8000,MHz,Time Spy,,,Overall,29725.0,https://www.3dmark.com/spy/64843895,2026-09-15,Chưa rõ,ACCEPT,"Valid result; GPU clock 3375 MHz, CPU clock 5701 MHz; RAM DDR5 8000 MHz và xung CPU/GPU rất cao nên cần kiểm tra điều kiện XMP/ép xung trước khi ACCEPT. Windows 11; driver 32.0.16.1074; VBS Running; HVCI Disabled.",,REF-CPU-007-M,REF-GPU-010,intelcoreultra7265kf,geforcertx5070ti,58517.0,32346.0
RUN-GAMING-090,,Intel Core Ultra 7 Processor 265KF,NVIDIA GeForce RTX 5080,DISCRETE,48,DDR5,8466,MHz,Time Spy,,,Overall,34020.0,https://www.3dmark.com/spy/62897415,2026-09-15,Chưa rõ,ACCEPT,"Valid result; GPU clock 3352 MHz, CPU clock 5500 MHz; RAM DDR5 8466 MHz và xung CPU/GPU rất cao nên cần kiểm tra điều kiện XMP/ép xung trước khi ACCEPT. Windows 11; driver 32.0.15.9597; VBS/HVCI Running.",,REF-CPU-007-M,REF-GPU-011,intelcoreultra7265kf,geforcertx5080,58517.0,35623.0
RUN-GAMING-091,,AMD Ryzen 7 7800X3D,NVIDIA GeForce RTX 3050 8GB,DISCRETE,32,DDR5,6196,MHz,Time Spy,,,Overall,7418.0,https://www.3dmark.com/spy/53464025,2026-09-15,Chưa rõ,ACCEPT,"Valid result; GPU clock 2152 MHz, CPU clock 5215 MHz; xung CPU khá cao nên cần kiểm tra điều kiện boost trước khi ACCEPT. Windows 11; driver 32.0.15.7242; VBS Running; HVCI Disabled.",,REF-CPU-008-M,REF-GPU-001,amdryzen77800x3d,geforcertx30508gb,34277.0,12460.0
RUN-GAMING-092,,AMD Ryzen 7 7800X3D,NVIDIA GeForce RTX 3060 12GB,DISCRETE,32,DDR5,5996,MHz,Time Spy,,,Overall,10596.0,https://www.3dmark.com/spy/54132027,2026-09-15,Chưa rõ,ACCEPT,"Valid result; GPU clock 2190 MHz, CPU clock 5052 MHz; xung GPU khá cao nên cần kiểm tra điều kiện tuning/ép xung trước khi ACCEPT. Windows 10; driver 32.0.15.7270; VBS/HVCI Disabled.",,REF-CPU-008-M,REF-GPU-002,amdryzen77800x3d,geforcertx306012gb,34277.0,16710.0
RUN-GAMING-093,,AMD Ryzen 7 7800X3D,NVIDIA GeForce RTX 4060 Ti 8 GB,DISCRETE,32,DDR5,6000,MHz,Time Spy,,,Overall,15108.0,https://www.3dmark.com/spy/63369626,2026-09-15,Chưa rõ,ACCEPT,"Valid result; GPU clock 3105 MHz, CPU clock 5242 MHz; xung GPU/CPU khá cao nên cần kiểm tra điều kiện tuning/ép xung trước khi ACCEPT. Windows 11; driver 32.0.15.9636; VBS/HVCI Disabled.",,REF-CPU-008-M,REF-GPU-003,amdryzen77800x3d,geforcertx4060ti8gb,34277.0,22596.0
RUN-GAMING-094,,AMD Ryzen 7 7800X3D,NVIDIA GeForce RTX 4070 SUPER,DISCRETE,32,DDR5,5998,MHz,Time Spy,,,Overall,21596.0,https://www.3dmark.com/spy/61478885,2026-09-15,Chưa rõ,ACCEPT,"Valid result; GPU clock 3045 MHz, CPU clock 5054 MHz; xung GPU/CPU khá cao nên cần kiểm tra điều kiện boost/tuning trước khi ACCEPT. Windows 11; driver 32.0.15.9174; VBS/HVCI Running.",,REF-CPU-008-M,REF-GPU-004,amdryzen77800x3d,geforcertx4070super,34277.0,29942.0
RUN-GAMING-095,,AMD Ryzen 7 7800X3D,NVIDIA GeForce RTX 4080 SUPER,DISCRETE,48,DDR5,6198,MHz,Time Spy,,,Overall,27079.0,https://www.3dmark.com/spy/53078283,2026-09-15,Chưa rõ,ACCEPT,"Valid result; GPU clock 3045 MHz, CPU clock 5113 MHz; xung GPU/CPU khá cao nên cần kiểm tra điều kiện boost/tuning trước khi ACCEPT. Windows 11; driver 32.0.15.7216; VBS/HVCI Disabled.",,REF-CPU-008-M,REF-GPU-005,amdryzen77800x3d,geforcertx4080super,34277.0,34225.0
RUN-GAMING-096,,AMD Ryzen 7 7800X3D,NVIDIA GeForce RTX 5050,DISCRETE,32,DDR5,5990,MHz,Time Spy,,,Overall,11385.0,https://www.3dmark.com/spy/65639906,2026-09-15,Chưa rõ,ACCEPT,"Valid result; GPU clock 3090 MHz, CPU clock 5015 MHz; xung GPU khá cao nên cần kiểm tra điều kiện tuning/ép xung trước khi ACCEPT. Windows 11; driver 32.0.16.1664; VBS/HVCI Running.",,REF-CPU-008-M,REF-GPU-006,amdryzen77800x3d,geforcertx5050,34277.0,16839.0
RUN-GAMING-097,,AMD Ryzen 7 7800X3D,NVIDIA GeForce RTX 5060,DISCRETE,16,DDR5,6000,MHz,Time Spy,,,Overall,15669.0,https://www.3dmark.com/spy/65751779,2026-09-15,Chưa rõ,ACCEPT,"Valid result; GPU clock 3315 MHz, CPU clock 5199 MHz; xung GPU khá cao nên cần kiểm tra điều kiện tuning/ép xung trước khi ACCEPT. Windows 10; driver 32.0.16.1656; VBS/HVCI Disabled.",,REF-CPU-008-M,REF-GPU-007,amdryzen77800x3d,geforcertx5060,34277.0,20659.0
RUN-GAMING-098,,AMD Ryzen 7 7800X3D,NVIDIA GeForce RTX 5060 Ti 16 GB,DISCRETE,32,DDR5,5998,MHz,Time Spy,,,Overall,18018.0,https://www.3dmark.com/spy/61048617,2026-09-15,Chưa rõ,ACCEPT,"Valid result; GPU model and reported GPU Memory are consistent at 16 GB. GPU clock 3330 MHz, CPU clock 5050 MHz; xung GPU khá cao nên cần kiểm tra điều kiện tuning/ép xung trước khi ACCEPT. Windows 11; driver 32.0.15.9159; VBS Running; HVCI Disabled.",,REF-CPU-008-M,REF-GPU-008,amdryzen77800x3d,geforcertx5060ti16gb,34277.0,22619.0
RUN-GAMING-099,,AMD Ryzen 7 7800X3D,NVIDIA GeForce RTX 5070,DISCRETE,32,DDR5,6406,MHz,Time Spy,,,Overall,23235.0,https://www.3dmark.com/spy/61243680,2026-09-15,Chưa rõ,ACCEPT,"Valid result; GPU clock 3367 MHz, CPU clock 5082 MHz; GPU clock khá cao nên cần kiểm tra điều kiện tuning/ép xung trước khi ACCEPT. Windows 10; driver 32.0.15.9174; VBS/HVCI Disabled.",,REF-CPU-008-M,REF-GPU-009,amdryzen77800x3d,geforcertx5070,34277.0,28652.0
RUN-GAMING-100,,AMD Ryzen 7 7800X3D,NVIDIA GeForce RTX 5070 Ti,DISCRETE,32,DDR5,6006,MHz,Time Spy,,,Overall,28302.0,https://www.3dmark.com/spy/65735022,2026-09-15,Chưa rõ,ACCEPT,"Valid result; GPU clock 3307 MHz, CPU clock 5274 MHz; xung GPU/CPU khá cao nên cần kiểm tra điều kiện tuning/ép xung trước khi ACCEPT. Windows 11; driver 32.0.16.1692; VBS/HVCI Disabled.",,REF-CPU-008-M,REF-GPU-010,amdryzen77800x3d,geforcertx5070ti,34277.0,32346.0
RUN-GAMING-101,,AMD Ryzen 7 7800X3D,NVIDIA GeForce RTX 5080,DISCRETE,64,DDR5,6206,MHz,Time Spy,,,Overall,31820.0,https://www.3dmark.com/spy/65365551,2026-09-15,Chưa rõ,ACCEPT,"Valid result; GPU clock 3300 MHz, CPU clock 5051 MHz; xung GPU khá cao nên cần kiểm tra điều kiện tuning/ép xung trước khi ACCEPT. Windows 11; driver 32.0.16.1088; VBS/HVCI Disabled.",,REF-CPU-008-M,REF-GPU-011,amdryzen77800x3d,geforcertx5080,34277.0,35623.0
RUN-GAMING-102,,Intel Core i7 processor 14700F,NVIDIA GeForce RTX 3050 8GB,DISCRETE,32,DDR5,5586,MHz,Time Spy,,,Overall,7275.0,https://www.3dmark.com/spy/65276199,2026-09-15,Chưa rõ,ACCEPT,"Valid result; GPU clock 2032 MHz, CPU clock 5387 MHz; CPU temperature 80 C và xung CPU khá cao nên cần kiểm tra điều kiện boost/ép xung trước khi ACCEPT. Windows 11; driver 32.0.16.1088; VBS/HVCI Running.",,REF-CPU-009-M,REF-GPU-001,intelcorei714700f,geforcertx30508gb,41313.0,12460.0
RUN-GAMING-103,,Intel Core i7 processor 14700F,NVIDIA GeForce RTX 3060 12GB,DISCRETE,32,DDR5,4388,MHz,Time Spy,,,Overall,10173.0,https://www.3dmark.com/spy/63022176,2026-09-15,Chưa rõ,ACCEPT,"Valid result; GPU clock 2182 MHz, CPU clock 5387 MHz; xung CPU khá cao nên cần kiểm tra điều kiện boost trước khi ACCEPT. Windows 11; driver 32.0.15.9597; VBS/HVCI Running.",,REF-CPU-009-M,REF-GPU-002,intelcorei714700f,geforcertx306012gb,41313.0,16710.0
RUN-GAMING-104,,Intel Core i7 processor 14700F,NVIDIA GeForce RTX 4060 Ti 8 GB,DISCRETE,32,DDR5,6384,MHz,Time Spy,,,Overall,15225.0,https://www.3dmark.com/spy/55713226,2026-09-15,Chưa rõ,ACCEPT,"Valid result; GPU clock 2985 MHz, CPU clock 5387 MHz; xung CPU/GPU khá cao nên cần kiểm tra điều kiện boost/ép xung trước khi ACCEPT. Windows 11; driver 32.0.15.7628; VBS/HVCI Running.",,REF-CPU-009-M,REF-GPU-003,intelcorei714700f,geforcertx4060ti8gb,41313.0,22596.0
RUN-GAMING-105,,Intel Core i7 processor 14700F,NVIDIA GeForce RTX 4070 SUPER,DISCRETE,32,DDR5,6184,MHz,Time Spy,,,Overall,22720.0,https://www.3dmark.com/spy/64041641,2026-09-15,Chưa rõ,ACCEPT,"Valid result; GPU clock 3060 MHz, CPU clock 5387 MHz; CPU temperature 85 C và xung CPU/GPU khá cao nên cần kiểm tra điều kiện boost/ép xung trước khi ACCEPT. Windows 11; driver 32.0.16.1047; VBS/HVCI Running.",,REF-CPU-009-M,REF-GPU-004,intelcorei714700f,geforcertx4070super,41313.0,29942.0
RUN-GAMING-106,,Intel Core i7 processor 14700F,NVIDIA GeForce RTX 4080 SUPER,DISCRETE,32,DDR5,5586,MHz,Time Spy,,,Overall,28091.0,https://www.3dmark.com/spy/55275089,2026-09-15,Chưa rõ,ACCEPT,"Valid result; GPU clock 2985 MHz, CPU clock 5387 MHz; xung CPU/GPU khá cao nên cần kiểm tra điều kiện boost/ép xung trước khi ACCEPT. Windows 11; driver 32.0.15.7602; VBS/HVCI Disabled.",,REF-CPU-009-M,REF-GPU-005,intelcorei714700f,geforcertx4080super,41313.0,34225.0
RUN-GAMING-107,,Intel Core i7 processor 14700F,NVIDIA GeForce RTX 5050,DISCRETE,32,DDR4,3192,MHz,Time Spy,,,Overall,11274.0,https://www.3dmark.com/spy/61741407,2026-09-15,Chưa rõ,ACCEPT,"Valid result; GPU clock 3120 MHz, CPU clock 5387 MHz; GPU clock khá cao nên cần kiểm tra điều kiện boost/ép xung trước khi ACCEPT. Windows 11; driver 32.0.15.9186; VBS/HVCI Disabled.",,REF-CPU-009-M,REF-GPU-006,intelcorei714700f,geforcertx5050,41313.0,16839.0
RUN-GAMING-108,,Intel Core i7 processor 14700F,NVIDIA GeForce RTX 5060,DISCRETE,32,DDR5,5984,MHz,Time Spy,,,Overall,15804.0,https://www.3dmark.com/spy/61428777,2026-09-15,Chưa rõ,ACCEPT,"Valid result; GPU clock 3345 MHz, CPU clock 5387 MHz; xung GPU khá cao nên cần kiểm tra điều kiện boost/ép xung trước khi ACCEPT. Windows 11; driver 32.0.15.9174; VBS Running; HVCI Disabled.",,REF-CPU-009-M,REF-GPU-007,intelcorei714700f,geforcertx5060,41313.0,20659.0
RUN-GAMING-109,,Intel Core i7 processor 14700F,NVIDIA GeForce RTX 5060 Ti 16 GB,DISCRETE,32,DDR5,5586,MHz,Time Spy,,,Overall,19515.0,https://www.3dmark.com/spy/65489137,2026-09-15,Chưa rõ,ACCEPT,"Valid result; GPU clock 3255 MHz, CPU clock 5387 MHz; xung CPU/GPU khá cao nên cần kiểm tra điều kiện boost/ép xung trước khi ACCEPT. Windows 11; driver 32.0.16.1656; VBS/HVCI Running.",,REF-CPU-009-M,REF-GPU-008,intelcorei714700f,geforcertx5060ti16gb,41313.0,22619.0
RUN-GAMING-110,,Intel Core i7 processor 14700F,NVIDIA GeForce RTX 5070,DISCRETE,32,DDR5,5984,MHz,Time Spy,,,Overall,25004.0,https://www.3dmark.com/spy/58417614,2026-09-15,Chưa rõ,ACCEPT,"Valid result; GPU clock 3292 MHz, CPU clock 5387 MHz; xung CPU/GPU khá cao nên cần kiểm tra điều kiện boost/ép xung trước khi ACCEPT. Windows 11; driver 32.0.15.8115; VBS/HVCI Running.",,REF-CPU-009-M,REF-GPU-009,intelcorei714700f,geforcertx5070,41313.0,28652.0
RUN-GAMING-111,,Intel Core i7 processor 14700F,NVIDIA GeForce RTX 5070 Ti,DISCRETE,32,DDR5,6184,MHz,Time Spy,,,Overall,29786.0,https://www.3dmark.com/spy/59883018,2026-09-15,Chưa rõ,ACCEPT,"Valid result; GPU clock 3360 MHz, CPU clock 5287 MHz; GPU/CPU clocks khá cao và CPU temperature 79 C nên cần kiểm tra điều kiện boost/ép xung trước khi ACCEPT. Windows 11; driver 32.0.15.8180; VBS/HVCI Running.",,REF-CPU-009-M,REF-GPU-010,intelcorei714700f,geforcertx5070ti,41313.0,32346.0
RUN-GAMING-112,,Intel Core i7 processor 14700F,NVIDIA GeForce RTX 5080,DISCRETE,32,DDR5,6782,MHz,Time Spy,,,Overall,34053.0,https://www.3dmark.com/spy/59782828,2026-09-15,Chưa rõ,ACCEPT,"Valid result; GPU clock 3232 MHz, CPU clock 5287 MHz; xung khá cao nên cần kiểm tra điều kiện boost/ép xung trước khi ACCEPT. Windows 11; driver 32.0.15.8157; VBS/HVCI Disabled.",,REF-CPU-009-M,REF-GPU-011,intelcorei714700f,geforcertx5080,41313.0,35623.0
RUN-GAMING-113,,Intel Core i7 processor 14700F,NVIDIA GeForce RTX 5080,DISCRETE,32,DDR5,6782,MHz,Time Spy,,,Overall,33143.0,https://www.3dmark.com/spy/58986029,2026-09-15,Chưa rõ,ACCEPT,"Valid result; GPU clock 3195 MHz, CPU clock 5387 MHz; xung khá cao nên cần kiểm tra điều kiện boost/ép xung trước khi ACCEPT. Windows 11; driver 32.0.15.8115; VBS/HVCI Disabled.",,REF-CPU-009-M,REF-GPU-011,intelcorei714700f,geforcertx5080,41313.0,35623.0
RUN-GAMING-114,,Intel Core Ultra 7 Processor 265F,NVIDIA GeForce RTX 3050 8GB,DISCRETE,32,DDR5,3994,MHz,Time Spy,,,Overall,6838.0,https://www.3dmark.com/spy/58928044,2026-09-15,Chưa rõ,ACCEPT,"Valid result; GPU clock 1920 MHz, CPU clock 5300 MHz. RAM 32GB DDR5 @ 3994 MHz. Windows 11; driver 32.0.15.6094; VBS/HVCI Disabled.",,REF-CPU-010-M,REF-GPU-001,intelcoreultra7265f,geforcertx30508gb,49402.0,12460.0
RUN-GAMING-115,,Intel Core Ultra 7 Processor 265F,NVIDIA GeForce RTX 3060 12GB,DISCRETE,32,DDR5,5998,MHz,Time Spy,,,Overall,9529.0,https://www.3dmark.com/spy/62615133,2026-09-15,Chưa rõ,ACCEPT,"Valid result; GPU clock 1927 MHz, CPU clock 5300 MHz. RAM 32GB DDR5 @ 5998 MHz. Windows 11; driver 32.0.15.9186; VBS/HVCI Running.",,REF-CPU-010-M,REF-GPU-002,intelcoreultra7265f,geforcertx306012gb,49402.0,16710.0
RUN-GAMING-116,,Intel Core Ultra 7 Processor 265F,NVIDIA GeForce RTX 4060 Ti 8 GB,DISCRETE,32,DDR5,4798,MHz,Time Spy,,,Overall,14305.0,https://www.3dmark.com/spy/62436738,2026-09-15,Chưa rõ,ACCEPT,"Valid result; GPU clock 2835 MHz, CPU clock 5100 MHz. CPU average temperature 80 C tương đối cao, cần kiểm tra điều kiện nhiệt độ/boost trước khi ACCEPT. Windows 11; driver 32.0.15.9144; VBS/HVCI Running.",,REF-CPU-010-M,REF-GPU-003,intelcoreultra7265f,geforcertx4060ti8gb,49402.0,22596.0
RUN-GAMING-117,,Intel Core Ultra 7 Processor 265F,NVIDIA GeForce RTX 4070 SUPER,DISCRETE,32,DDR5,6384,MHz,Time Spy,,,Overall,22193.0,https://www.3dmark.com/spy/63289208,2026-09-15,Chưa rõ,ACCEPT,"Valid result; GPU clock 3060 MHz, CPU clock 5088 MHz; xung GPU khá cao nên cần kiểm tra điều kiện tuning/ép xung trước khi ACCEPT. Windows 11; driver 32.0.15.9621; VBS/HVCI Disabled.",,REF-CPU-010-M,REF-GPU-004,intelcoreultra7265f,geforcertx4070super,49402.0,29942.0
RUN-GAMING-118,,Intel Core Ultra 7 Processor 265F,NVIDIA GeForce RTX 4080 SUPER,DISCRETE,32,DDR5,6384,MHz,Time Spy,,,Overall,25337.0,https://www.3dmark.com/spy/63195999,2026-09-15,Chưa rõ,ACCEPT,"Valid result; GPU clock 2805 MHz, CPU clock 5287 MHz. RAM 32GB DDR5 @ 6384 MHz. Xung GPU/CPU khá cao, cần kiểm tra điều kiện boost/tuning trước khi ACCEPT. Windows 11; driver 32.0.15.9621; VBS/HVCI Running.",,REF-CPU-010-M,REF-GPU-005,intelcoreultra7265f,geforcertx4080super,49402.0,34225.0
RUN-GAMING-119,,Intel Core Ultra 7 Processor 265F,NVIDIA GeForce RTX 5050,DISCRETE,64,DDR5,5998,MHz,Time Spy,,,Overall,10959.0,https://www.3dmark.com/spy/61585009,2026-09-15,Chưa rõ,ACCEPT,"Valid result; GPU clock 2955 MHz, CPU clock 5301 MHz; xung GPU/CPU khá cao nên cần kiểm tra điều kiện boost/tuning trước khi ACCEPT. Windows 11; driver 32.0.15.9174; VBS/HVCI Disabled.",,REF-CPU-010-M,REF-GPU-006,intelcoreultra7265f,geforcertx5050,49402.0,16839.0
RUN-GAMING-120,,Intel Core Ultra 7 Processor 265F,NVIDIA GeForce RTX 5060,DISCRETE,32,DDR5,5998,MHz,Time Spy,,,Overall,15536.0,https://www.3dmark.com/spy/62090261,2026-09-15,Chưa rõ,ACCEPT,"Valid result; GPU clock 3225 MHz, CPU clock 5301 MHz; xung GPU khá cao nên cần kiểm tra điều kiện tuning/ép xung trước khi ACCEPT. Windows 11; driver 32.0.15.9186; VBS Running; HVCI Disabled.",,REF-CPU-010-M,REF-GPU-007,intelcoreultra7265f,geforcertx5060,49402.0,20659.0
RUN-GAMING-121,,Intel Core Ultra 7 Processor 265F,NVIDIA GeForce RTX 5060 Ti 16 GB,DISCRETE,32,DDR5,5586,MHz,Time Spy,,,Overall,17104.0,https://www.3dmark.com/spy/61527667,2026-09-15,Chưa rõ,ACCEPT,"Valid result; GPU model và GPU Memory được báo cáo nhất quán ở mức 16 GB. GPU clock 3225 MHz, CPU clock 5288 MHz; GPU clock khá cao, cần kiểm tra điều kiện tuning/boost trước khi ACCEPT. Windows 11; driver 32.0.15.9174; VBS/HVCI Running.",,REF-CPU-010-M,REF-GPU-008,intelcoreultra7265f,geforcertx5060ti16gb,49402.0,22619.0
RUN-GAMING-122,,Intel Core Ultra 7 Processor 265F,NVIDIA GeForce RTX 5070,DISCRETE,32,DDR5,6000,MHz,Time Spy,,,Overall,24046.0,https://www.3dmark.com/spy/61613827,2026-09-15,Chưa rõ,ACCEPT,"Valid result; GPU clock 3307 MHz, CPU clock 5300 MHz; GPU clock khá cao nên cần kiểm tra điều kiện tuning/ép xung trước khi ACCEPT. Windows 11; driver 32.0.15.9174; VBS/HVCI Disabled.",,REF-CPU-010-M,REF-GPU-009,intelcoreultra7265f,geforcertx5070,49402.0,28652.0
RUN-GAMING-123,,Intel Core Ultra 7 Processor 265F,NVIDIA GeForce RTX 5070 Ti,DISCRETE,32,DDR5,6400,MHz,Time Spy,,,Overall,27980.0,https://www.3dmark.com/spy/60767836,2026-09-15,Chưa rõ,ACCEPT,"Valid result; GPU clock 3337 MHz, CPU clock 5100 MHz; GPU clock khá cao nên cần kiểm tra điều kiện tuning/ép xung trước khi ACCEPT. Windows 11; driver 32.0.15.9159; VBS Running; HVCI Disabled.",,REF-CPU-010-M,REF-GPU-010,intelcoreultra7265f,geforcertx5070ti,49402.0,32346.0
RUN-GAMING-124,,Intel Core Ultra 7 Processor 265F,NVIDIA GeForce RTX 5080,DISCRETE,32,DDR5,6398,MHz,Time Spy,,,Overall,31308.0,https://www.3dmark.com/spy/65090978,2026-09-15,Chưa rõ,ACCEPT,"Valid result; GPU clock 3210 MHz, CPU clock 5300 MHz; xung khá cao nên cần kiểm tra điều kiện boost/ép xung trước khi ACCEPT. Windows 11; driver 32.0.16.1088; VBS Running; HVCI Disabled.",,REF-CPU-010-M,REF-GPU-011,intelcoreultra7265f,geforcertx5080,49402.0,35623.0
RUN-GAMING-125,,Intel Core Ultra 7 Processor 265F,NVIDIA GeForce RTX 5080,DISCRETE,32,DDR5,6400,MHz,Time Spy,,,Overall,30789.0,https://www.3dmark.com/spy/61810580,2026-09-15,Chưa rõ,ACCEPT,"Valid result; GPU clock 3210 MHz, CPU clock 5101 MHz; xung khá cao nên cần kiểm tra điều kiện boost/ép xung trước khi ACCEPT. Windows 11; driver 32.0.15.9186; VBS Running; HVCI Disabled.",,REF-CPU-010-M,REF-GPU-011,intelcoreultra7265f,geforcertx5080,49402.0,35623.0
RUN-GAMING-126,,Intel Core i7 processor 14700K,NVIDIA GeForce RTX 3060 12GB,DISCRETE,64,DDR4,3192,MHz,Time Spy,,,Overall,10822.0,https://www.3dmark.com/spy/58911183,2026-09-15,Chưa rõ,ACCEPT,"Valid result; GPU clock 2175 MHz, CPU clock 5586 MHz; xung GPU/CPU khá cao nên cần kiểm tra điều kiện boost/tuning trước khi ACCEPT. Windows 11; driver 32.0.15.8115; VBS/HVCI Running.",,REF-CPU-011-M,REF-GPU-002,intelcorei714700k,geforcertx306012gb,51957.0,16710.0
RUN-GAMING-127,,Intel Core i7 processor 14700K,NVIDIA GeForce RTX 4060 Ti 8 GB,DISCRETE,32,DDR5,5984,MHz,Time Spy,,,Overall,14668.0,https://www.3dmark.com/spy/61358537,2026-09-15,Chưa rõ,ACCEPT,"Valid result; GPU clock 2850 MHz, CPU clock 5586 MHz; xung CPU khá cao nên cần kiểm tra điều kiện boost/tuning trước khi ACCEPT. Windows 10; driver 32.0.15.9174; VBS/HVCI Disabled.",,REF-CPU-011-M,REF-GPU-003,intelcorei714700k,geforcertx4060ti8gb,51957.0,22596.0
RUN-GAMING-128,,Intel Core i7 processor 14700K,NVIDIA GeForce RTX 3050 8GB,DISCRETE,32,DDR5,5186,MHz,Time Spy,,,Overall,7832.0,https://www.3dmark.com/spy/54475058,2026-09-19,Chưa rõ,ACCEPT,"Valid result; GPU clock 2145 MHz, CPU clock 5487 MHz; xung CPU/GPU khá cao nên cần kiểm tra điều kiện boost/ép xung trước khi ACCEPT. Windows 10; driver 32.0.15.7283; VBS/HVCI Disabled.",,REF-CPU-011-M,REF-GPU-001,intelcorei714700k,geforcertx30508gb,51957.0,12460.0
RUN-GAMING-129,,Intel Core i7 processor 14700K,NVIDIA GeForce RTX 4060 Ti 8 GB,DISCRETE,32,DDR5,5984,MHz,Time Spy,,,Overall,15191.0,https://www.3dmark.com/spy/45629398,2026-09-19,Chưa rõ,ACCEPT,"Valid result; GPU clock 3015 MHz, CPU clock 5586 MHz; xung CPU/GPU khá cao và nhiệt độ CPU 76 C, GPU 71 C nên cần kiểm tra điều kiện boost/ép xung trước khi ACCEPT. RAM source does not explicitly state DDR type, so RamType left blank. Windows 11; driver 31.0.15.5123; VBS/HVCI Running.",,REF-CPU-011-M,REF-GPU-003,intelcorei714700k,geforcertx4060ti8gb,51957.0,22596.0
RUN-GAMING-130,,Intel Core i7 processor 14700K,NVIDIA GeForce RTX 5050,DISCRETE,32,DDR4,3600,MHz,Time Spy,,,Overall,10743.0,https://www.3dmark.com/spy/62679156,2026-09-19,Chưa rõ,ACCEPT,"Valid result; GPU clock 2992 MHz, CPU clock 5500 MHz; xung CPU/GPU khá cao nên cần kiểm tra điều kiện boost/ép xung trước khi ACCEPT. Windows 11; driver 32.0.15.9186; VBS/HVCI Disabled.",,REF-CPU-011-M,REF-GPU-006,intelcorei714700k,geforcertx5050,51957.0,16839.0
RUN-GAMING-131,,Intel Core i7 processor 14700K,NVIDIA GeForce RTX 5060 Ti 16 GB,DISCRETE,32,DDR5,6200,MHz,Time Spy,,,Overall,18420.0,https://www.3dmark.com/spy/65565583,2026-09-19,Chưa rõ,ACCEPT,"Valid result; GPU clock 3255 MHz, CPU clock 5600 MHz; xung CPU/GPU khá cao, GPU temperature 77 C và CPU temperature 74 C nên cần kiểm tra điều kiện boost/ép xung và tản nhiệt trước khi ACCEPT. Windows 11; driver 32.0.16.1664; VBS/HVCI Disabled.",,REF-CPU-011-M,REF-GPU-008,intelcorei714700k,geforcertx5060ti16gb,51957.0,22619.0
RUN-GAMING-132,,Intel Core i7 processor 14700K,NVIDIA GeForce RTX 5080,DISCRETE,48,DDR5,8000,MHz,Time Spy,,,Overall,35528.0,https://www.3dmark.com/spy/57105545,2026-09-19,Chưa rõ,ACCEPT,"Valid result; GPU clock 3330 MHz, CPU clock 5700 MHz; CPU average clock giữ ở 5700 MHz và RAM DDR5 @ 8000 MHz là rất cao, GPU clock cũng cao, nên cần kiểm tra điều kiện boost/ép xung/XMP trước khi ACCEPT. Windows 11; driver 32.0.15.7680; VBS/HVCI Disabled.",,REF-CPU-011-M,REF-GPU-011,intelcorei714700k,geforcertx5080,51957.0,35623.0
RUN-GAMING-133,,AMD Ryzen 9 9900X3D,NVIDIA GeForce RTX 5080,DISCRETE,32,DDR5,6406,MHz,Time Spy,,,Overall,31883.0,https://www.3dmark.com/spy/65062049,2026-09-19,Chưa rõ,ACCEPT,"Valid result; GPU clock 3195 MHz, CPU clock 5724 MHz; xung CPU/GPU khá cao nên cần kiểm tra điều kiện boost/ép xung trước khi ACCEPT. Windows 11; driver 32.0.16.1088; VBS/HVCI Running.",,REF-CPU-012-M,REF-GPU-011,amdryzen99900x3d,geforcertx5080,56127.0,35623.0
RUN-GAMING-134,,AMD Ryzen 9 9900X3D,NVIDIA GeForce RTX 4060 Ti 8 GB,DISCRETE,32,DDR5,6006,MHz,Time Spy,,,Overall,13880.0,https://www.3dmark.com/spy/62869283,2026-09-19,Chưa rõ,ACCEPT,"Valid result; GPU clock 2745 MHz, CPU clock 5535 MHz; CPU clock khá cao và CPU temperature 71 C nên cần kiểm tra điều kiện boost/ép xung trước khi ACCEPT. Windows 11; driver 32.0.15.9174; VBS/HVCI Running.",,REF-CPU-012-M,REF-GPU-003,amdryzen99900x3d,geforcertx4060ti8gb,56127.0,22596.0
RUN-GAMING-135,,AMD Ryzen 9 9900X3D,NVIDIA GeForce RTX 5060 Ti 16 GB,DISCRETE,32,DDR5,6188,MHz,Time Spy,,,Overall,17308.0,https://www.3dmark.com/spy/60410856,2026-09-19,Chưa rõ,ACCEPT,"Valid result; GPU clock 3195 MHz, CPU clock 5713 MHz; xung CPU/GPU khá cao nên cần kiểm tra điều kiện boost/ép xung trước khi ACCEPT. Windows 11; driver 32.0.15.9144; VBS/HVCI Disabled.",,REF-CPU-012-M,REF-GPU-008,amdryzen99900x3d,geforcertx5060ti16gb,56127.0,22619.0
RUN-GAMING-136,,Intel Core i9 processor 14900K,NVIDIA GeForce RTX 4060 Ti 8 GB,DISCRETE,32,DDR5,7800,MHz,Time Spy,,,Overall,16774.0,https://www.3dmark.com/spy/43674151,2026-09-19,Chưa rõ,ACCEPT,"Valid result; GPU clock 3135 MHz, CPU clock 5800 MHz; CPU average clock giữ ở 5800 MHz, GPU clock và RAM @ 7800 MHz đều khá cao nên cần kiểm tra điều kiện boost/ép xung/XMP trước khi ACCEPT. RAM source does not explicitly state DDR type, so RamType left blank. Windows 11; driver 31.0.15.4584; VBS/HVCI Disabled.",,REF-CPU-013-M,REF-GPU-003,intelcorei914900k,geforcertx4060ti8gb,58253.0,22596.0
RUN-GAMING-137,,Intel Core i9 processor 14900K,NVIDIA GeForce RTX 5060 Ti 16 GB,DISCRETE,48,DDR5,8200,MHz,Time Spy,,,Overall,18806.0,https://www.3dmark.com/spy/59778822,2026-09-19,Chưa rõ,ACCEPT,"Valid result; tiêu đề nguồn xác định RTX 5060 Ti 16 GB nhưng GPU Memory chi tiết chỉ báo cáo 8192 MB, nên thông tin VRAM không nhất quán. GPU clock 3337 MHz, CPU clock 5900 MHz và RAM DDR5 @ 8200 MHz rất cao, cần kiểm tra điều kiện boost/ép xung/XMP trước khi ACCEPT. Windows 11; driver 32.0.16.1088; VBS Running; HVCI Disabled.",,REF-CPU-013-M,REF-GPU-008,intelcorei914900k,geforcertx5060ti16gb,58253.0,22619.0
RUN-GAMING-138,,Intel Core i9 processor 14900K,NVIDIA GeForce RTX 5070,DISCRETE,32,DDR5,8378,MHz,Time Spy,,,Overall,27085.0,https://www.3dmark.com/spy/61619400,2026-09-19,Chưa rõ,ACCEPT,"Valid result; GPU clock 3487 MHz, CPU clock 5786 MHz và RAM DDR5 @ 8378 MHz rất cao, kết quả có thể phản ánh điều kiện boost/ép xung/XMP mạnh, cần kiểm tra trước khi ACCEPT. Windows 11; driver 32.0.15.8142; VBS/HVCI Disabled.",,REF-CPU-013-M,REF-GPU-009,intelcorei914900k,geforcertx5070,58253.0,28652.0
RUN-GAMING-139,,Intel Core i9 processor 14900K,NVIDIA GeForce RTX 5070 Ti,DISCRETE,64,DDR5,6400,MHz,Time Spy,,,Overall,31054.0,https://www.3dmark.com/spy/63913300,2026-09-19,Chưa rõ,ACCEPT,"Valid result; GPU clock 3292 MHz, CPU clock 5700 MHz; CPU temperature 81 C và xung CPU/GPU khá cao nên cần kiểm tra điều kiện boost/ép xung trước khi ACCEPT. Windows 11; driver 32.0.16.1047; VBS/HVCI Disabled.",,REF-CPU-013-M,REF-GPU-010,intelcorei914900k,geforcertx5070ti,58253.0,32346.0
RUN-GAMING-140,,Intel Core i9 processor 14900K,NVIDIA GeForce RTX 5080,DISCRETE,32,DDR5,8000,MHz,Time Spy,,,Overall,35820.0,https://www.3dmark.com/spy/62936119,2026-09-19,Chưa rõ,ACCEPT,"Valid result; GPU clock 3382 MHz, CPU clock 5700 MHz và RAM DDR5 @ 8000 MHz rất cao, kết quả có thể phản ánh điều kiện boost/ép xung/XMP mạnh, cần kiểm tra trước khi ACCEPT. Windows 11; driver 32.0.15.9597; VBS/HVCI Disabled.",,REF-CPU-013-M,REF-GPU-011,intelcorei914900k,geforcertx5080,58253.0,35623.0
RUN-GAMING-141,,Intel Core Ultra 9 Processor 285K,NVIDIA GeForce RTX 5080,DISCRETE,48,DDR5,9134,MHz,Time Spy,,,Overall,35208.0,https://www.3dmark.com/spy/60475636,2026-09-19,Chưa rõ,ACCEPT,"Valid result; GPU clock 3412 MHz, CPU clock 5801 MHz với average 5799 MHz và RAM DDR5 @ 9134 MHz cực kỳ cao; GPU temperature 34 C và CPU temperature 39 C cho thấy hệ thống có khả năng được tuning mạnh và sử dụng hệ thống tản nhiệt cao cấp. Cần kiểm tra điều kiện boost/ép xung/XMP trước khi ACCEPT và cân nhắc loại khỏi training data mang tính đại diện nếu dataset hướng đến các cấu hình người dùng phổ thông. Windows 10; driver 32.0.15.9144; VBS/HVCI Disabled.",,REF-CPU-014-M,REF-GPU-011,intelcoreultra9285k,geforcertx5080,67264.0,35623.0
RUN-GAMING-142,,Intel Core Ultra 9 Processor 285K,NVIDIA GeForce RTX 4060 Ti 8 GB,DISCRETE,64,DDR5,6798,MHz,Time Spy,,,Overall,14463.0,https://www.3dmark.com/spy/62147698,2026-09-19,Chưa rõ,ACCEPT,"Valid result; GPU clock 2790 MHz, CPU clock 5601 MHz với average 5600 MHz; CPU clock khá cao nên cần kiểm tra điều kiện boost/ép xung trước khi ACCEPT. Hệ thống sử dụng 4 thanh RAM DDR5 16 GB @ 6798 MHz. Windows 11; driver 32.0.15.9186; VBS/HVCI Running.",,REF-CPU-014-M,REF-GPU-003,intelcoreultra9285k,geforcertx4060ti8gb,67264.0,22596.0
RUN-GAMING-143,,Intel Core Ultra 9 Processor 285K,NVIDIA GeForce RTX 5050,DISCRETE,48,DDR5,8000,MHz,Time Spy,,,Overall,11158.0,https://www.3dmark.com/spy/59862747,2026-09-19,Chưa rõ,ACCEPT,"Valid result; GPU clock 3015 MHz, CPU clock 5701 MHz và RAM DDR5 @ 8000 MHz cao, cần kiểm tra điều kiện boost/ép xung/XMP trước khi ACCEPT. Windows 11; driver 32.0.15.8180; VBS/HVCI Running.",,REF-CPU-014-M,REF-GPU-006,intelcoreultra9285k,geforcertx5050,67264.0,16839.0
RUN-GAMING-144,,AMD Ryzen 9 9950X3D,NVIDIA GeForce RTX 5050,DISCRETE,32,DDR5,6598,MHz,Time Spy,,,Overall,13698.0,https://www.3dmark.com/spy/63355724,2026-09-15,Chưa rõ,ACCEPT,...,,REF-CPU-015-M,REF-GPU-006,amdryzen99950x3d,geforcertx5050,70109.0,16839.0
RUN-GAMING-145,,AMD Ryzen 9 9950X3D,NVIDIA GeForce RTX 4060 Ti 8 GB,DISCRETE,32,DDR5,8398,MHz,Time Spy,,,Overall,15875.0,https://www.3dmark.com/spy/62680498,2026-09-19,Chưa rõ,ACCEPT,"Valid result; GPU clock 3075 MHz, CPU clock 5925 MHz và RAM DDR5 @ 8398 MHz rất cao, cần kiểm tra điều kiện boost/ép xung/XMP trước khi ACCEPT. Processor báo cáo 1 / 16 physical/logical processors đối với CPU 16-core, có thể cho thấy SMT bị tắt hoặc cấu hình benchmark bất thường, cần kiểm tra lại. Windows 11; driver 32.0.15.9174; VBS/HVCI Disabled.",,REF-CPU-015-M,REF-GPU-003,amdryzen99950x3d,geforcertx4060ti8gb,70109.0,22596.0
RUN-GAMING-146,,AMD Ryzen 9 9950X3D,NVIDIA GeForce RTX 5080,DISCRETE,32,DDR5,8008,MHz,Time Spy,,,Overall,34272.0,https://www.3dmark.com/spy/59525736,2026-09-19,Chưa rõ,ACCEPT,"Valid result; GPU clock 3352 MHz, CPU clock 5727 MHz và RAM DDR5 @ 8008 MHz cao, cần kiểm tra điều kiện boost/ép xung/EXPO trước khi ACCEPT. Processor báo cáo 1 / 32 physical/logical processors, phù hợp với SMT được bật trên CPU 16-core. Windows 10; driver 32.0.15.7628; VBS/HVCI Disabled.",,REF-CPU-015-M,REF-GPU-011,amdryzen99950x3d,geforcertx5080,70109.0,35623.0
