RunId,CpuModel,GpuModel,GraphicsType,RamCapacityGb,RamType,RamSpeedRaw,RamSpeedUnit,TestName,Metric,Score,SourceUrl,CheckedAt,ReviewStatus,ReviewNote,CpuKey,GpuKey,CpuMultiRefId,CpuMultiScore,GpuRefId,GpuScore,Predicted,Error,AbsoluteError,AbsolutePercentageError
RUN-GAMING-001,AMD Ryzen 5 5500,NVIDIA GeForce RTX 3050 8GB,DISCRETE,16,DDR4,3332,MHz,Time Spy,Overall,7185.0,https://www.3dmark.com/spy/44895627,2026-09-15,ACCEPT,"Valid result; GPU clock 2152 MHz, CPU clock 4528 MHz. Windows 10; driver 31.0.15.4633; VBS/HVCI Disabled.",amdryzen55500,geforcertx30508gb,REF-CPU-001-M,19252.0,REF-GPU-001,12460.0,6600.253282958308,-584.7467170416921,584.7467170416921,8.138437258757024
RUN-GAMING-002,AMD Ryzen 5 5500,NVIDIA GeForce RTX 3060 12GB,DISCRETE,16,DDR4,3198,MHz,Time Spy,Overall,9680.0,https://www.3dmark.com/spy/59871496,2026-09-15,ACCEPT,"Valid result; GPU clock 2197 MHz, CPU clock 4483 MHz. Windows 11; driver 32.0.15.8180; VBS/HVCI Disabled.",amdryzen55500,geforcertx306012gb,REF-CPU-001-M,19252.0,REF-GPU-002,16710.0,9477.851999024482,-202.1480009755178,202.1480009755178,2.08830579520163
RUN-GAMING-003,AMD Ryzen 5 5500,NVIDIA GeForce RTX 4060 Ti 8 GB,DISCRETE,32,DDR4,3996,MHz,Time Spy,Overall,13197.0,https://www.3dmark.com/spy/44412944,2026-09-15,ACCEPT,"Valid result; GPU clock 3030 MHz, CPU clock 4502 MHz. Windows 11; driver 31.0.15.4633; VBS/HVCI Disabled.",amdryzen55500,geforcertx4060ti8gb,REF-CPU-001-M,19252.0,REF-GPU-003,22596.0,13749.717989022056,552.7179890220559,552.7179890220559,4.188209358354595
RUN-GAMING-004,AMD Ryzen 5 5500,NVIDIA GeForce RTX 4070 SUPER,DISCRETE,32,DDR4,3592,MHz,Time Spy,Overall,17775.0,https://www.3dmark.com/spy/48634827,2026-09-15,ACCEPT,"Valid result; GPU clock 3000 MHz, CPU clock 4590 MHz; CPU temperature 80 C, cần kiểm tra điều kiện boost/ép xung trước khi ACCEPT. Windows 11; driver 32.0.15.5599; VBS/HVCI Disabled.",amdryzen55500,geforcertx4070super,REF-CPU-001-M,19252.0,REF-GPU-004,29942.0,19454.518649906408,1679.5186499064075,1679.5186499064075,9.448768775844767
RUN-GAMING-005,AMD Ryzen 5 5500,NVIDIA GeForce RTX 4080 SUPER,DISCRETE,32,DDR4,3590,MHz,Time Spy,Overall,20502.0,https://www.3dmark.com/spy/49299055,2026-09-15,ACCEPT,"Valid result; GPU clock 2805 MHz, CPU clock 4433 MHz. Windows 11; driver 32.0.15.6070; VBS/HVCI Running.",amdryzen55500,geforcertx4080super,REF-CPU-001-M,19252.0,REF-GPU-005,34225.0,22940.802021963336,2438.8020219633363,2438.8020219633363,11.89543469887492
RUN-GAMING-006,AMD Ryzen 5 5500,NVIDIA GeForce RTX 5050,DISCRETE,16,DDR4,3598,MHz,Time Spy,Overall,10980.0,https://www.3dmark.com/spy/64418049,2026-09-15,ACCEPT,"Valid result; GPU clock 3390 MHz, CPU clock 4613 MHz; GPU temperature 83 C và xung GPU khá cao, cần kiểm tra điều kiện ép xung trước khi ACCEPT. Windows 11; driver 32.0.16.1062; VBS/HVCI Disabled.",amdryzen55500,geforcertx5050,REF-CPU-001-M,19252.0,REF-GPU-006,16839.0,9568.145556065801,-1411.8544439341986,1411.8544439341986,12.85841934366301
RUN-GAMING-007,AMD Ryzen 5 5500,NVIDIA GeForce RTX 5060,DISCRETE,16,DDR4,3598,MHz,Time Spy,Overall,13772.0,https://www.3dmark.com/spy/65232117,2026-09-15,ACCEPT,"Valid result; GPU clock 3187 MHz, CPU clock 4568 MHz; xung GPU khá cao nên cần kiểm tra điều kiện boost/ép xung trước khi ACCEPT. Windows 11; driver 32.0.16.1088; VBS/HVCI Disabled.",amdryzen55500,geforcertx5060,REF-CPU-001-M,19252.0,REF-GPU-007,20659.0,12311.32332411094,-1460.6766758890608,1460.6766758890608,10.606133284120395
RUN-GAMING-008,AMD Ryzen 5 5500,NVIDIA GeForce RTX 5060 Ti 16 GB,DISCRETE,32,DDR4,4184,MHz,Time Spy,Overall,15440.0,https://www.3dmark.com/spy/65724079,2026-09-16,ACCEPT,"Valid result; Time Spy Overall score 15440 used as target; GPU memory 16384 MB; GPU clock 3195 MHz, average 3070 MHz và memory clock 2063 MHz khá cao, cần kiểm tra điều kiện GPU overclock/tuning trước khi ACCEPT; CPU clock 4633 MHz, average 4624 MHz. RAM 32GB DDR4 @ 4184 MHz. Windows 11; driver 32.0.16.1692; VBS/HVCI Running.",amdryzen55500,geforcertx5060ti16gb,REF-CPU-001-M,19252.0,REF-GPU-008,22619.0,13766.97579382927,-1673.0242061707304,1673.0242061707304,10.83564900369644
RUN-GAMING-009,AMD Ryzen 5 5500,NVIDIA GeForce RTX 5070,DISCRETE,32,DDR4,3634,MHz,Time Spy,Overall,18835.0,https://www.3dmark.com/spy/63213158,2026-09-15,ACCEPT,"Valid result; GPU clock 3060 MHz, CPU clock 4651 MHz; xung khá cao nên cần kiểm tra điều kiện boost/ép xung trước khi ACCEPT. Windows 11; driver 32.0.15.9621; VBS/HVCI Disabled.",amdryzen55500,geforcertx5070,REF-CPU-001-M,19252.0,REF-GPU-009,28652.0,18426.35079220751,-408.6492077924886,408.6492077924886,2.1696268000663053
RUN-GAMING-010,AMD Ryzen 5 5500,NVIDIA GeForce RTX 5070 Ti,DISCRETE,16,DDR4,3990,MHz,Time Spy,Overall,21423.0,https://www.3dmark.com/spy/59716155,2026-09-15,ACCEPT,"Valid result; GPU clock 3240 MHz, CPU clock 4559 MHz; cần kiểm tra điều kiện ép xung trước khi ACCEPT. Windows 11; driver 32.0.15.8180; VBS/HVCI Disabled.",amdryzen55500,geforcertx5070ti,REF-CPU-001-M,19252.0,REF-GPU-010,32346.0,21398.001780518232,-24.998219481767592,24.998219481767592,0.1166886966427092
RUN-GAMING-011,AMD Ryzen 5 5500,NVIDIA GeForce RTX 5080,DISCRETE,32,DDR4,3600,MHz,Time Spy,Overall,20709.0,https://www.3dmark.com/spy/61565494,2026-09-14,ACCEPT,"Valid result; RTX 5080 clock 3202 MHz, CPU 4276 MHz; cần kiểm tra điều kiện ép xung trước khi ACCEPT. Windows 11; driver 32.0.15.9174; VBS/HVCI Disabled.",amdryzen55500,geforcertx5080,REF-CPU-001-M,19252.0,REF-GPU-011,35623.0,24101.599717246547,3392.599717246547,3392.599717246547,16.38224789824012
RUN-GAMING-012,AMD Ryzen 5 5500,NVIDIA GeForce RTX 5080,DISCRETE,16,DDR4,3790,MHz,Time Spy,Overall,21833.0,https://www.3dmark.com/spy/55312776,2026-09-15,ACCEPT,"Valid result; GPU clock 2880 MHz, CPU clock 4512 MHz; cần kiểm tra điều kiện OC trước khi ACCEPT. Windows 10; driver 32.0.15.7602; VBS/HVCI Disabled.",amdryzen55500,geforcertx5080,REF-CPU-001-M,19252.0,REF-GPU-011,35623.0,24101.599717246547,2268.599717246547,2268.599717246547,10.390691692605444
RUN-GAMING-013,Intel Core i3-12100F Processor,NVIDIA GeForce RTX 3050 8GB,DISCRETE,16,DDR4,3192,MHz,Time Spy,Overall,7031.0,https://www.3dmark.com/spy/60086124,2026-09-15,ACCEPT,"Valid result; GPU clock 2242 MHz, CPU clock 4291 MHz. Windows 11; driver 32.0.15.8180; VBS/HVCI Disabled.",intelcorei312100f,geforcertx30508gb,REF-CPU-002-M,13953.0,REF-GPU-001,12460.0,6162.530529490161,-868.4694705098391,868.4694705098391,12.352004985206074
RUN-GAMING-014,Intel Core i3-12100F Processor,NVIDIA GeForce RTX 3060 12GB,DISCRETE,16,DDR5,5980,MHz,Time Spy,Overall,9528.0,https://www.3dmark.com/spy/61356057,2026-09-15,ACCEPT,"Valid result; GPU clock 2182 MHz, CPU clock 5200 MHz; xung CPU hiển thị khá cao nên cần kiểm tra điều kiện chạy trước khi ACCEPT. Windows 11; driver 32.0.15.9174; VBS/HVCI Running.",intelcorei312100f,geforcertx306012gb,REF-CPU-002-M,13953.0,REF-GPU-002,16710.0,8849.289533900857,-678.7104660991426,678.7104660991426,7.123325630763462
RUN-GAMING-015,Intel Core i3-12100F Processor,NVIDIA GeForce RTX 4060 Ti 8 GB,DISCRETE,32,DDR5,5982,MHz,Time Spy,Overall,12646.0,https://www.3dmark.com/spy/45222677,2026-09-15,ACCEPT,"Valid result; GPU clock 3090 MHz, CPU clock 4291 MHz; xung GPU hiển thị khá cao nên cần kiểm tra điều kiện chạy trước khi ACCEPT. Windows 11; driver 31.0.15.4633; VBS/HVCI Running.",intelcorei312100f,geforcertx4060ti8gb,REF-CPU-002-M,13953.0,REF-GPU-003,22596.0,12837.84928345207,191.84928345206936,191.84928345206936,1.5170748335605675
RUN-GAMING-016,Intel Core i3-12100F Processor,NVIDIA GeForce RTX 4070 SUPER,DISCRETE,32,DDR5,6384,MHz,Time Spy,Overall,16349.0,https://www.3dmark.com/spy/48190027,2026-09-15,ACCEPT,"Valid result; GPU clock 3045 MHz, CPU clock 4389 MHz; xung GPU hiển thị khá cao nên cần kiểm tra điều kiện chạy trước khi ACCEPT. Windows 10; driver 32.0.15.5585; VBS/HVCI Disabled.",intelcorei312100f,geforcertx4070super,REF-CPU-002-M,13953.0,REF-GPU-004,29942.0,18164.312788743242,1815.312788743242,1815.312788743242,11.103509625929672
RUN-GAMING-017,Intel Core i3-12100F Processor,NVIDIA GeForce RTX 4080 SUPER,DISCRETE,32,DDR5,5984,MHz,Time Spy,Overall,19109.0,https://www.3dmark.com/spy/58154350,2026-09-15,ACCEPT,"Valid result; GPU clock 2760 MHz, CPU clock 4091 MHz. Windows 10; driver 32.0.15.7680; VBS/HVCI Disabled.",intelcorei312100f,geforcertx4080super,REF-CPU-002-M,13953.0,REF-GPU-005,34225.0,21419.38904016935,2310.3890401693498,2310.3890401693498,12.090580565018314
RUN-GAMING-018,Intel Core i3-12100F Processor,NVIDIA GeForce RTX 5050,DISCRETE,16,DDR5,4986,MHz,Time Spy,Overall,10322.0,https://www.3dmark.com/spy/63930121,2026-09-15,ACCEPT,"Valid result; GPU clock 3225 MHz, CPU clock 4091 MHz. GPU clock khá cao nên cần kiểm tra điều kiện boost/ép xung trước khi ACCEPT. Windows 11; driver 32.0.16.1047; VBS Running; HVCI Disabled.",intelcorei312100f,geforcertx5050,REF-CPU-002-M,13953.0,REF-GPU-006,16839.0,8933.594904926556,-1388.4050950734436,1388.4050950734436,13.45093097339124
RUN-GAMING-019,Intel Core i3-12100F Processor,NVIDIA GeForce RTX 5060,DISCRETE,32,DDR4,3590,MHz,Time Spy,Overall,12970.0,https://www.3dmark.com/spy/62124391,2026-09-15,ACCEPT,"Valid result; GPU clock 3240 MHz, CPU clock 4291 MHz; GPU clock khá cao nên cần kiểm tra điều kiện boost/ép xung trước khi ACCEPT. Windows 11; driver 32.0.15.9186; VBS Running; HVCI Disabled.",intelcorei312100f,geforcertx5060,REF-CPU-002-M,13953.0,REF-GPU-007,20659.0,11494.847635491446,-1475.1523645085545,1475.1523645085545,11.373572586804583
RUN-GAMING-021,Intel Core i3-12100F Processor,NVIDIA GeForce RTX 5070,DISCRETE,16,DDR4,3590,MHz,Time Spy,Overall,17282.0,https://www.3dmark.com/spy/58011364,2026-09-15,ACCEPT,"Valid result; GPU clock 2947 MHz, CPU clock 4091 MHz. Windows 11; driver 32.0.15.7283; VBS/HVCI Disabled.",intelcorei312100f,geforcertx5070,REF-CPU-002-M,13953.0,REF-GPU-009,28652.0,17204.332081810426,-77.66791818957427,77.66791818957427,0.4494151035156479
RUN-GAMING-022,Intel Core i3-12100F Processor,NVIDIA GeForce RTX 5070 Ti,DISCRETE,32,DDR4,3192,MHz,Time Spy,Overall,19073.0,https://www.3dmark.com/spy/56068690,2026-09-15,ACCEPT,"Valid result; GPU clock 3127 MHz, CPU clock 4290 MHz; GPU clock khá cao nên cần kiểm tra điều kiện boost/ép xung trước khi ACCEPT. Windows 10; driver 32.0.15.7283; VBS/HVCI Disabled.",intelcorei312100f,geforcertx5070ti,REF-CPU-002-M,13953.0,REF-GPU-010,32346.0,19978.90589789983,905.9058978998291,905.9058978998291,4.749677019345825
RUN-GAMING-023,Intel Core i3-12100F Processor,NVIDIA GeForce RTX 5080,DISCRETE,24,DDR5,6932,MHz,Time Spy,Overall,23217.0,https://www.3dmark.com/spy/58035771,2026-09-15,ACCEPT,"Valid result; GPU clock 3300 MHz, CPU clock 5201 MHz; xung rất cao so với thông số mặc định nên cần kiểm tra điều kiện ép xung trước khi ACCEPT. Windows 11; driver 32.0.15.8097; VBS/HVCI Running.",intelcorei312100f,geforcertx5080,REF-CPU-002-M,13953.0,REF-GPU-011,35623.0,22503.20369531518,-713.7963046848199,713.7963046848199,3.0744553761675495
RUN-GAMING-024,Intel Core i3-12100F Processor,NVIDIA GeForce RTX 5080,DISCRETE,64,DDR4,2988,MHz,Time Spy,Overall,21194.0,https://www.3dmark.com/spy/58747080,2026-09-15,ACCEPT,"Valid result; GPU clock 2895 MHz, CPU clock 5201 MHz; cần kiểm tra điều kiện ép xung trước khi ACCEPT. Windows 11; driver 32.0.15.8115; VBS/HVCI Disabled.",intelcorei312100f,geforcertx5080,REF-CPU-002-M,13953.0,REF-GPU-011,35623.0,22503.20369531518,1309.20369531518,1309.20369531518,6.177237403582052
RUN-GAMING-025,AMD Ryzen 5 5600G,NVIDIA GeForce RTX 3050 8GB,DISCRETE,16,DDR4,3792,MHz,Time Spy,Overall,7437.0,https://www.3dmark.com/spy/26286321,2026-09-15,ACCEPT,"Valid result; GPU clock 2220 MHz, CPU clock 4641 MHz; xung khá cao nên cần kiểm tra điều kiện boost/ép xung trước khi ACCEPT. Windows 11; driver 30.0.15.1165; VBS/HVCI Disabled.",amdryzen55600g,geforcertx30508gb,REF-CPU-003-M,19636.0,REF-GPU-001,12460.0,6628.097843260104,-808.9021567398959,808.9021567398959,10.876726593248566
RUN-GAMING-026,AMD Ryzen 5 5600G,NVIDIA GeForce RTX 3060 12GB,DISCRETE,16,DDR4,4730,MHz,Time Spy,Overall,9823.0,https://www.3dmark.com/spy/32988892,2026-09-15,ACCEPT,"Valid result; GPU clock 2235 MHz, CPU clock 4551 MHz; RAM DDR4 4730 MHz khá cao nên cần kiểm tra điều kiện ép xung/XMP trước khi ACCEPT. Windows 10; driver 31.0.15.2698; VBS/HVCI Disabled.",amdryzen55600g,geforcertx306012gb,REF-CPU-003-M,19636.0,REF-GPU-002,16710.0,9517.836316323295,-305.16368367670475,305.16368367670475,3.106624083036799
RUN-GAMING-027,AMD Ryzen 5 5600G,NVIDIA GeForce RTX 4060 Ti 8 GB,DISCRETE,32,DDR4,3598,MHz,Time Spy,Overall,13145.0,https://www.3dmark.com/spy/45182921,2026-09-15,ACCEPT,"Valid result; GPU clock 3060 MHz, CPU clock 4603 MHz; GPU clock khá cao nên cần kiểm tra điều kiện boost/ép xung trước khi ACCEPT. Windows 11; driver 31.0.15.5123; VBS/HVCI Disabled.",amdryzen55600g,geforcertx4060ti8gb,REF-CPU-003-M,19636.0,REF-GPU-003,22596.0,13807.724073828913,662.7240738289129,662.7240738289129,5.041643771996294
RUN-GAMING-028,AMD Ryzen 5 5600G,NVIDIA GeForce RTX 4070 SUPER,DISCRETE,32,DDR4,3924,MHz,Time Spy,Overall,17894.0,https://www.3dmark.com/spy/48721602,2026-09-15,ACCEPT,"Valid result; GPU clock 3015 MHz, CPU clock 4544 MHz; xung GPU khá cao nên cần kiểm tra điều kiện boost/ép xung trước khi ACCEPT. Windows 11; driver 32.0.15.5599; VBS/HVCI Disabled.",amdryzen55600g,geforcertx4070super,REF-CPU-003-M,19636.0,REF-GPU-004,29942.0,19536.591639300445,1642.5916393004445,1642.5916393004445,9.17956655471356
RUN-GAMING-029,AMD Ryzen 5 5600G,NVIDIA GeForce RTX 4080 SUPER,DISCRETE,32,DDR4,4398,MHz,Time Spy,Overall,20275.0,https://www.3dmark.com/spy/49026078,2026-09-15,ACCEPT,"Valid result; GPU clock 2745 MHz, CPU clock 4533 MHz; RAM DDR4 4398 MHz khá cao và CPU temperature 78 C nên cần kiểm tra điều kiện boost/ép xung trước khi ACCEPT. Windows 11; driver 32.0.15.5612; VBS/HVCI Disabled.",amdryzen55600g,geforcertx4080super,REF-CPU-003-M,19636.0,REF-GPU-005,34225.0,23037.582632932008,2762.582632932008,2762.582632932008,13.625561691403245
RUN-GAMING-030,AMD Ryzen 5 5600G,NVIDIA GeForce RTX 5050,DISCRETE,32,DDR4,3732,MHz,Time Spy,Overall,10569.0,https://www.3dmark.com/spy/58925412,2026-09-15,ACCEPT,"Valid result; GPU clock 3067 MHz, CPU clock 4651 MHz; xung CPU/GPU khá cao nên cần kiểm tra điều kiện boost/ép xung trước khi ACCEPT. Windows 11; driver 32.0.15.8129; VBS/HVCI Disabled.",amdryzen55600g,geforcertx5050,REF-CPU-003-M,19636.0,REF-GPU-006,16839.0,9608.510795775637,-960.4892042243628,960.4892042243628,9.087796425625534
RUN-GAMING-031,AMD Ryzen 5 5600G,NVIDIA GeForce RTX 5060,DISCRETE,16,DDR4,2992,MHz,Time Spy,Overall,13664.0,https://www.3dmark.com/spy/65772396,2026-09-15,ACCEPT,"Valid result; GPU clock 3255 MHz, CPU clock 4489 MHz; xung GPU khá cao nên cần kiểm tra điều kiện boost/ép xung trước khi ACCEPT. Windows 11; driver 32.0.15.9571; VBS/HVCI Disabled.",amdryzen55600g,geforcertx5060,REF-CPU-003-M,19636.0,REF-GPU-007,20659.0,12363.261237702563,-1300.7387622974366,1300.7387622974366,9.519458154987094
RUN-GAMING-033,AMD Ryzen 5 5600G,NVIDIA GeForce RTX 5070,DISCRETE,16,DDR4,3198,MHz,Time Spy,Overall,18306.0,https://www.3dmark.com/spy/65263434,2026-09-15,ACCEPT,"Valid result; GPU clock 3210 MHz, CPU clock 4552 MHz; xung GPU khá cao nên cần kiểm tra điều kiện boost/ép xung trước khi ACCEPT. Windows 11; driver 32.0.16.1088; VBS/HVCI Disabled.",amdryzen55600g,geforcertx5070,REF-CPU-003-M,19636.0,REF-GPU-009,28652.0,18504.086238679065,198.086238679065,198.086238679065,1.082083681192314
RUN-GAMING-034,AMD Ryzen 5 5600G,NVIDIA GeForce RTX 5070 Ti,DISCRETE,32,DDR4,3998,MHz,Time Spy,Overall,20722.0,https://www.3dmark.com/spy/61002365,2026-09-15,ACCEPT,"Valid result; GPU clock 3030 MHz, CPU clock 4461 MHz; RAM DDR4 3998 MHz khá cao nên cần kiểm tra điều kiện XMP/ép xung trước khi ACCEPT. Windows 10; driver 32.0.15.9159; VBS/HVCI Disabled.",amdryzen55600g,geforcertx5070ti,REF-CPU-003-M,19636.0,REF-GPU-010,32346.0,21488.273763330464,766.2737633304641,766.2737633304641,3.6978755107154915
RUN-GAMING-035,AMD Ryzen 5 5600G,NVIDIA GeForce RTX 5080,DISCRETE,32,DDR4,3192,MHz,Time Spy,Overall,21542.0,https://www.3dmark.com/spy/57959424,2026-09-15,ACCEPT,"Valid result; GPU clock 2842 MHz, CPU clock 4482 MHz. Windows 10; driver 32.0.15.8088; VBS/HVCI Disabled.",amdryzen55600g,geforcertx5080,REF-CPU-003-M,19636.0,REF-GPU-011,35623.0,24203.27739807585,2661.27739807585,2661.27739807585,12.353901207296678
RUN-GAMING-036,AMD Ryzen 5 5600G,NVIDIA GeForce RTX 5080,DISCRETE,16,DDR4,3856,MHz,Time Spy,Overall,21353.0,https://www.3dmark.com/spy/55929960,2026-09-15,ACCEPT,"Valid result; GPU clock 2917 MHz, CPU clock 4443 MHz. Windows 10; driver 32.0.15.7283; VBS/HVCI Disabled.",amdryzen55600g,geforcertx5080,REF-CPU-003-M,19636.0,REF-GPU-011,35623.0,24203.27739807585,2850.27739807585,2850.27739807585,13.348369775094133
RUN-GAMING-037,Intel Core i5-11600 Processor,NVIDIA GeForce RTX 3050 8GB,DISCRETE,16,DDR4,3598,MHz,Time Spy,Overall,7019.0,https://www.3dmark.com/spy/28538308,2026-09-15,ACCEPT,"Valid result; GPU clock 2167 MHz, CPU clock 4800 MHz. Windows 11; driver 30.0.15.1259; VBS/HVCI Disabled.",intelcorei511600,geforcertx30508gb,REF-CPU-004-M,17950.0,REF-GPU-001,12460.0,6502.466299230427,-516.5337007695734,516.5337007695734,7.359078227234271
RUN-GAMING-038,Intel Core i5-11600 Processor,NVIDIA GeForce RTX 3060 12GB,DISCRETE,32,DDR4,3458,MHz,Time Spy,Overall,9541.0,https://www.3dmark.com/spy/47983417,2026-09-15,ACCEPT,"Valid result; GPU clock 2092 MHz, CPU clock 4789 MHz. Windows 11; driver 31.0.15.5186; VBS/HVCI Disabled.",intelcorei511600,geforcertx306012gb,REF-CPU-004-M,17950.0,REF-GPU-002,16710.0,9337.431545525089,-203.56845447491105,203.56845447491105,2.133617592232586
RUN-GAMING-039,Intel Core i5-11600 Processor,NVIDIA GeForce RTX 4060 Ti 8 GB,DISCRETE,32,DDR4,2398,MHz,Time Spy,Overall,12505.0,https://www.3dmark.com/spy/43470554,2026-09-15,ACCEPT,"Valid result; GPU clock 2775 MHz, CPU clock 4798 MHz. Windows 11; driver 31.0.15.4617; VBS/HVCI Disabled.",intelcorei511600,geforcertx4060ti8gb,REF-CPU-004-M,17950.0,REF-GPU-003,22596.0,13546.007102240326,1041.0071022403263,1041.0071022403263,8.32472692715175
RUN-GAMING-040,Intel Core i5-11600 Processor,NVIDIA GeForce RTX 4070 SUPER,DISCRETE,32,DDR4,3192,MHz,Time Spy,Overall,17521.0,https://www.3dmark.com/spy/47736952,2026-09-15,ACCEPT,"Valid result; GPU clock 2805 MHz, CPU clock 4789 MHz. Windows 11; driver 31.0.15.5222; VBS/HVCI Disabled.",intelcorei511600,geforcertx4070super,REF-CPU-004-M,17950.0,REF-GPU-004,29942.0,19166.28748405644,1645.28748405644,1645.28748405644,9.390374316856573
RUN-GAMING-041,Intel Core i5-11600 Processor,NVIDIA GeForce RTX 4070 SUPER,DISCRETE,32,DDR4,3200,MHz,Time Spy,Overall,17386.0,https://www.3dmark.com/spy/45522840,2026-09-15,ACCEPT,"Valid result; GPU clock 2850 MHz, CPU clock 4800 MHz. Windows 10; driver 31.0.15.5123; VBS/HVCI Disabled.",intelcorei511600,geforcertx4070super,REF-CPU-004-M,17950.0,REF-GPU-004,29942.0,19166.28748405644,1780.28748405644,1780.28748405644,10.239776165054872
RUN-GAMING-042,Intel Core i5-11600 Processor,NVIDIA GeForce RTX 5060,DISCRETE,32,DDR4,3590,MHz,Time Spy,Overall,13226.0,https://www.3dmark.com/spy/64011967,2026-09-15,ACCEPT,"Valid result; GPU clock 2895 MHz, CPU clock 4789 MHz. Windows 11; driver 32.0.16.1047; VBS/HVCI Disabled.",intelcorei511600,geforcertx5060,REF-CPU-004-M,17950.0,REF-GPU-007,20659.0,12128.92317642692,-1097.0768235730793,1097.0768235730793,8.294849717020107
RUN-GAMING-043,Intel Core i5-11600 Processor,NVIDIA GeForce RTX 5060 Ti 16 GB,DISCRETE,32,DDR4,3192,MHz,Time Spy,Overall,14885.0,https://www.3dmark.com/spy/61711094,2026-09-15,ACCEPT,"Valid result; GPU clock 3172 MHz, CPU clock 4789 MHz. Windows 11; driver 32.0.15.9186; VBS/HVCI Disabled.",intelcorei511600,geforcertx5060ti16gb,REF-CPU-004-M,17950.0,REF-GPU-008,22619.0,13563.009221605556,-1321.9907783944436,1321.9907783944436,8.881362300264989
RUN-GAMING-044,Intel Core i5-11600 Processor,NVIDIA GeForce RTX 5070,DISCRETE,32,DDR4,3592,MHz,Time Spy,Overall,18839.0,https://www.3dmark.com/spy/56168180,2026-09-15,ACCEPT,"Valid result; GPU clock 3135 MHz, CPU clock 4789 MHz. Windows 10; driver 32.0.15.7640; VBS/HVCI Disabled.",intelcorei511600,geforcertx5070,REF-CPU-004-M,17950.0,REF-GPU-009,28652.0,18153.352592315066,-685.6474076849336,685.6474076849336,3.6395106305267455
RUN-GAMING-045,Intel Core i5-11600 Processor,NVIDIA GeForce RTX 5070,DISCRETE,16,DDR4,3198,MHz,Time Spy,Overall,18055.0,https://www.3dmark.com/spy/63111606,2026-09-15,ACCEPT,"Valid result; GPU clock 2925 MHz, CPU clock 4800 MHz. Windows 11; driver 32.0.15.9597; VBS/HVCI Disabled.",intelcorei511600,geforcertx5070,REF-CPU-004-M,17950.0,REF-GPU-009,28652.0,18153.352592315066,98.35259231506643,98.35259231506643,0.5447388109391661
RUN-GAMING-046,Intel Core i5-11600 Processor,NVIDIA GeForce RTX 5070,DISCRETE,16,DDR4,3600,MHz,Time Spy,Overall,17980.0,https://www.3dmark.com/spy/61590062,2026-09-15,ACCEPT,"Valid result; GPU clock 2880 MHz, CPU clock 4800 MHz. Windows 10; driver 32.0.15.7688; VBS/HVCI Disabled.",intelcorei511600,geforcertx5070,REF-CPU-004-M,17950.0,REF-GPU-009,28652.0,18153.352592315066,173.35259231506643,173.35259231506643,0.9641412253340735
RUN-GAMING-047,Intel Core i5-11600 Processor,NVIDIA GeForce RTX 5070 Ti,DISCRETE,32,DDR4,3600,MHz,Time Spy,Overall,20343.0,https://www.3dmark.com/spy/53775310,2026-09-15,ACCEPT,"Valid result; GPU clock 2857 MHz, CPU clock 4800 MHz. Windows 11; driver 32.0.15.7260; VBS/HVCI Disabled.",intelcorei511600,geforcertx5070ti,REF-CPU-004-M,17950.0,REF-GPU-010,32346.0,21080.97666614522,737.9766661452195,737.9766661452195,3.6276688106238977
RUN-GAMING-048,Intel Core i5-11600 Processor,NVIDIA GeForce RTX 5070 Ti,DISCRETE,32,DDR4,3192,MHz,Time Spy,Overall,20279.0,https://www.3dmark.com/spy/53701969,2026-09-15,ACCEPT,"Valid result; GPU clock 2985 MHz, CPU clock 4789 MHz. Windows 10; driver 32.0.15.7260; VBS/HVCI Disabled.",intelcorei511600,geforcertx5070ti,REF-CPU-004-M,17950.0,REF-GPU-010,32346.0,21080.97666614522,801.9766661452195,801.9766661452195,3.9547150556990953
RUN-GAMING-049,Intel Core i5-11600 Processor,NVIDIA GeForce RTX 5070 Ti,DISCRETE,32,DDR4,3590,MHz,Time Spy,Overall,20232.0,https://www.3dmark.com/spy/57855953,2026-09-15,ACCEPT,"Valid result; GPU clock 2835 MHz, CPU clock 4789 MHz. Windows 11; driver 32.0.15.8088; VBS/HVCI Disabled.",intelcorei511600,geforcertx5070ti,REF-CPU-004-M,17950.0,REF-GPU-010,32346.0,21080.97666614522,848.9766661452195,848.9766661452195,4.1962073257474275
RUN-GAMING-050,Intel Core i5-11600 Processor,NVIDIA GeForce RTX 5070 Ti,DISCRETE,32,DDR4,3200,MHz,Time Spy,Overall,19940.0,https://www.3dmark.com/spy/56046360,2026-09-15,ACCEPT,"Valid result; GPU clock 2872 MHz, CPU clock 4800 MHz. Windows 10; driver 32.0.15.7652; VBS/HVCI Disabled.",intelcorei511600,geforcertx5070ti,REF-CPU-004-M,17950.0,REF-GPU-010,32346.0,21080.97666614522,1140.9766661452195,1140.9766661452195,5.722049479163588
RUN-GAMING-051,Intel Core i5-11600 Processor,NVIDIA GeForce RTX 5070 Ti,DISCRETE,16,DDR4,2394,MHz,Time Spy,Overall,19350.0,https://www.3dmark.com/spy/59831952,2026-09-15,ACCEPT,"Valid result; GPU clock 2872 MHz, CPU clock 4789 MHz. Windows 10; driver 32.0.15.8180; VBS/HVCI Disabled.",intelcorei511600,geforcertx5070ti,REF-CPU-004-M,17950.0,REF-GPU-010,32346.0,21080.97666614522,1730.9766661452195,1730.9766661452195,8.945615845711728
RUN-GAMING-052,Intel Core i5-11600 Processor,NVIDIA GeForce RTX 5080,DISCRETE,64,DDR4,3600,MHz,Time Spy,Overall,21592.0,https://www.3dmark.com/spy/55218355,2026-09-15,ACCEPT,"Valid result; GPU clock 2940 MHz, CPU clock 4800 MHz. Windows 11; driver 32.0.15.7602; VBS/HVCI Disabled.",intelcorei511600,geforcertx5080,REF-CPU-004-M,17950.0,REF-GPU-011,35623.0,23744.519066197663,2152.519066197663,2152.519066197663,9.969058291022893
RUN-GAMING-053,Intel Core i5-11600 Processor,NVIDIA GeForce RTX 5080,DISCRETE,32,DDR4,3458,MHz,Time Spy,Overall,21522.0,https://www.3dmark.com/spy/54146147,2026-09-15,ACCEPT,"Valid result; GPU clock 2850 MHz, CPU clock 4789 MHz. Windows 11; driver 32.0.15.7270; VBS/HVCI Disabled.",intelcorei511600,geforcertx5080,REF-CPU-004-M,17950.0,REF-GPU-011,35623.0,23744.519066197663,2222.519066197663,2222.519066197663,10.326731094682945
RUN-GAMING-054,Intel Core i5-11600 Processor,NVIDIA GeForce RTX 5080,DISCRETE,64,DDR4,3200,MHz,Time Spy,Overall,19519.0,https://www.3dmark.com/spy/65049616,2026-09-15,ACCEPT,"Valid result; GPU clock 2910 MHz, CPU clock 4800 MHz. Windows 11; driver 32.0.16.1088; VBS/HVCI Running.",intelcorei511600,geforcertx5080,REF-CPU-004-M,17950.0,REF-GPU-011,35623.0,23744.519066197663,4225.519066197663,4225.519066197663,21.648235392170005
RUN-GAMING-055,AMD Ryzen 5 9500F,NVIDIA GeForce RTX 3060 12GB,DISCRETE,32,DDR5,5994,MHz,Time Spy,Overall,8960.0,https://www.3dmark.com/spy/58792817,2026-09-15,ACCEPT,"Valid result; GPU clock 1920 MHz, CPU clock 5040 MHz. Windows 11; driver 32.0.15.8129; VBS/HVCI Disabled.",amdryzen59500f,geforcertx306012gb,REF-CPU-005-M,28312.0,REF-GPU-002,16710.0,10289.945622360266,1329.9456223602665,1329.9456223602665,14.843143106699404
RUN-GAMING-056,AMD Ryzen 5 9500F,NVIDIA GeForce RTX 4060 Ti 8 GB,DISCRETE,16,DDR5,6008,MHz,Time Spy,Overall,12686.0,https://www.3dmark.com/spy/65745849,2026-09-15,ACCEPT,"Valid result; GPU clock 2730 MHz, CPU clock 5050 MHz. Windows 11; driver 32.0.16.1692; VBS/HVCI Disabled.",amdryzen59500f,geforcertx4060ti8gb,REF-CPU-005-M,28312.0,REF-GPU-003,22596.0,14927.839181745829,2241.8391817458287,2241.8391817458287,17.671757699399564
RUN-GAMING-057,AMD Ryzen 5 9500F,NVIDIA GeForce RTX 4070 SUPER,DISCRETE,32,DDR5,5998,MHz,Time Spy,Overall,18726.0,https://www.3dmark.com/spy/60894351,2026-09-15,ACCEPT,"Valid result; GPU clock 3015 MHz, CPU clock 5050 MHz; xung GPU khá cao nên cần kiểm tra điều kiện boost/ép xung trước khi ACCEPT. Windows 11; driver 32.0.15.9144; VBS/HVCI Disabled.",amdryzen59500f,geforcertx4070super,REF-CPU-005-M,28312.0,REF-GPU-004,29942.0,21121.445981361103,2395.445981361103,2395.445981361103,12.792085770378634
RUN-GAMING-058,AMD Ryzen 5 9500F,NVIDIA GeForce RTX 4080 SUPER,DISCRETE,32,DDR5,6006,MHz,Time Spy,Overall,22435.0,https://www.3dmark.com/spy/58899839,2026-09-15,ACCEPT,"Valid result; GPU clock 2820 MHz, CPU clock 5089 MHz. Windows 11; driver 32.0.15.8129; VBS/HVCI Running.",amdryzen59500f,geforcertx4080super,REF-CPU-005-M,28312.0,REF-GPU-005,34225.0,24906.445612743508,2471.445612743508,2471.445612743508,11.016026800728808
RUN-GAMING-059,AMD Ryzen 5 9500F,NVIDIA GeForce RTX 5050,DISCRETE,32,DDR5,5998,MHz,Time Spy,Overall,10380.0,https://www.3dmark.com/spy/63349001,2026-09-15,ACCEPT,"Valid result; GPU clock 2932 MHz, CPU clock 5049 MHz; CPU temperature 87 C khá cao nên cần kiểm tra điều kiện tản nhiệt/boost trước khi ACCEPT. Windows 11; driver 32.0.15.9621; VBS/HVCI Disabled.",amdryzen59500f,geforcertx5050,REF-CPU-005-M,28312.0,REF-GPU-006,16839.0,10387.975829215184,7.975829215183694,7.975829215183694,0.07683843174550765
RUN-GAMING-060,AMD Ryzen 5 9500F,NVIDIA GeForce RTX 5060,DISCRETE,32,DDR5,6008,MHz,Time Spy,Overall,14310.0,https://www.3dmark.com/spy/64610048,2026-09-15,ACCEPT,"Valid result; GPU clock 3120 MHz, CPU clock 5218 MHz; xung CPU/GPU khá cao nên cần kiểm tra điều kiện boost/ép xung trước khi ACCEPT. Windows 11; driver 32.0.16.1074; VBS Running; HVCI Disabled.",amdryzen59500f,geforcertx5060,REF-CPU-005-M,28312.0,REF-GPU-007,20659.0,13366.198117193237,-943.8018828067634,943.8018828067634,6.5954009979508275
RUN-GAMING-061,AMD Ryzen 5 9500F,NVIDIA GeForce RTX 5060 Ti 16 GB,DISCRETE,32,DDR5,8000,MHz,Time Spy,Overall,16622.0,https://www.3dmark.com/spy/64995537,2026-09-15,ACCEPT,"Valid result; GPU clock 3195 MHz, CPU clock 5232 MHz; RAM DDR5 8000 MHz và xung CPU/GPU khá cao nên cần kiểm tra điều kiện XMP/ép xung trước khi ACCEPT. Windows 11; driver 32.0.16.1088; VBS/HVCI Disabled.",amdryzen59500f,geforcertx5060ti16gb,REF-CPU-005-M,28312.0,REF-GPU-008,22619.0,14946.575692196278,-1675.4243078037216,1675.4243078037216,10.079559065116843
RUN-GAMING-062,AMD Ryzen 5 9500F,NVIDIA GeForce RTX 5070,DISCRETE,32,DDR5,5996,MHz,Time Spy,Overall,21143.0,https://www.3dmark.com/spy/65485489,2026-09-15,ACCEPT,"Valid result; GPU clock 3262 MHz, CPU clock 5232 MHz; xung CPU/GPU khá cao nên cần kiểm tra điều kiện boost/ép xung trước khi ACCEPT. Windows 11; driver 32.0.16.1656; VBS/HVCI Disabled.",amdryzen59500f,geforcertx5070,REF-CPU-005-M,28312.0,REF-GPU-009,28652.0,20005.181310054857,-1137.818689945143,1137.818689945143,5.381538523128898
RUN-GAMING-063,AMD Ryzen 5 9500F,NVIDIA GeForce RTX 5070 Ti,DISCRETE,48,DDR5,6006,MHz,Time Spy,Overall,23262.0,https://www.3dmark.com/spy/60736407,2026-09-15,ACCEPT,"Valid result; GPU clock 3165 MHz, CPU clock 5070 MHz. Windows 11; driver 32.0.15.9159; VBS Running; HVCI Disabled.",amdryzen59500f,geforcertx5070ti,REF-CPU-005-M,28312.0,REF-GPU-010,32346.0,23231.453157462627,-30.546842537372868,30.546842537372868,0.13131649272363885
RUN-GAMING-064,AMD Ryzen 5 9500F,NVIDIA GeForce RTX 5080,DISCRETE,32,DDR5,5996,MHz,Time Spy,Overall,25819.0,https://www.3dmark.com/spy/62045886,2026-09-15,ACCEPT,"Valid result; GPU clock 3000 MHz, CPU clock 5057 MHz. Windows 11; driver 32.0.15.9186; VBS/HVCI Running.",amdryzen59500f,geforcertx5080,REF-CPU-005-M,28312.0,REF-GPU-011,35623.0,26166.704283616906,347.70428361690574,347.70428361690574,1.3466992664971755
RUN-GAMING-065,AMD Ryzen 5 9500F,NVIDIA GeForce RTX 5080,DISCRETE,64,DDR5,5594,MHz,Time Spy,Overall,25542.0,https://www.3dmark.com/spy/60373598,2026-09-15,ACCEPT,"Valid result; GPU clock 3292 MHz, CPU clock 5040 MHz; xung GPU khá cao, cần kiểm tra điều kiện ép xung trước khi ACCEPT. Windows 11; driver 32.0.15.7688; VBS/HVCI Running.",amdryzen59500f,geforcertx5080,REF-CPU-005-M,28312.0,REF-GPU-011,35623.0,26166.704283616906,624.7042836169057,624.7042836169057,2.445792356185521
RUN-GAMING-066,Intel Core i5 processor 14400,NVIDIA GeForce RTX 3050 8GB,DISCRETE,32,DDR5,5586,MHz,Time Spy,Overall,6914.0,https://www.3dmark.com/spy/60100412,2026-09-15,ACCEPT,"Valid result; GPU clock 1935 MHz, CPU clock 4690 MHz. Windows 11; driver 32.0.15.8180; VBS/HVCI Disabled.",intelcorei514400,geforcertx30508gb,REF-CPU-006-M,25078.0,REF-GPU-001,12460.0,6982.886684390281,68.8866843902806,68.8866843902806,0.9963361930905497
RUN-GAMING-067,Intel Core i5 processor 14400,NVIDIA GeForce RTX 3060 12GB,DISCRETE,32,DDR4,2660,MHz,Time Spy,Overall,9472.0,https://www.3dmark.com/spy/58999647,2026-09-15,ACCEPT,"Valid result; GPU clock 2040 MHz, CPU clock 4589 MHz. Windows 11; driver 32.0.15.7700; VBS/HVCI Disabled.",intelcorei514400,geforcertx306012gb,REF-CPU-006-M,25078.0,REF-GPU-002,16710.0,10027.307087061665,555.3070870616648,555.3070870616648,5.8626170509044
RUN-GAMING-068,Intel Core i5 processor 14400,NVIDIA GeForce RTX 4060 Ti 8 GB,DISCRETE,16,DDR4,4188,MHz,Time Spy,Overall,13924.0,https://www.3dmark.com/spy/45866590,2026-09-15,ACCEPT,"Valid result; GPU clock 2880 MHz, CPU clock 4689 MHz; RAM DDR4 4188 MHz khá cao nên cần kiểm tra điều kiện XMP/ép xung trước khi ACCEPT. Windows 11; driver 31.0.15.5152; VBS/HVCI Disabled.",intelcorei514400,geforcertx4060ti8gb,REF-CPU-006-M,25078.0,REF-GPU-003,22596.0,14546.823969250712,622.8239692507123,622.8239692507123,4.473024771981559
RUN-GAMING-069,Intel Core i5 processor 14400,NVIDIA GeForce RTX 4070 SUPER,DISCRETE,32,DDR5,6384,MHz,Time Spy,Overall,19319.0,https://www.3dmark.com/spy/61977919,2026-09-15,ACCEPT,"Valid result; GPU clock 2925 MHz, CPU clock 4689 MHz. Windows 11; driver 32.0.15.9174; VBS/HVCI Running.",intelcorei514400,geforcertx4070super,REF-CPU-006-M,25078.0,REF-GPU-004,29942.0,20582.346374859935,1263.3463748599352,1263.3463748599352,6.539398389460817
RUN-GAMING-070,Intel Core i5 processor 14400,NVIDIA GeForce RTX 5050,DISCRETE,16,DDR5,4788,MHz,Time Spy,Overall,10462.0,https://www.3dmark.com/spy/64617481,2026-09-15,ACCEPT,"Valid result; GPU clock 2940 MHz, CPU clock 4689 MHz. Windows 11; driver 32.0.16.1074; VBS Running; HVCI Disabled.",intelcorei514400,geforcertx5050,REF-CPU-006-M,25078.0,REF-GPU-006,16839.0,10122.835190320675,-339.1648096793251,339.1648096793251,3.241873539278581
RUN-GAMING-071,Intel Core i5 processor 14400,NVIDIA GeForce RTX 5060,DISCRETE,32,DDR4,3192,MHz,Time Spy,Overall,14465.0,https://www.3dmark.com/spy/65020591,2026-09-15,ACCEPT,"Valid result; GPU clock 3270 MHz, CPU clock 4689 MHz; GPU clock khá cao và CPU temperature 77 C nên cần kiểm tra điều kiện boost/ép xung trước khi ACCEPT. Windows 11; driver 32.0.16.1088; VBS/HVCI Running.",intelcorei514400,geforcertx5060,REF-CPU-006-M,25078.0,REF-GPU-007,20659.0,13025.041922122371,-1439.958077877629,1439.958077877629,9.954774129814234
RUN-GAMING-072,Intel Core i5 processor 14400,NVIDIA GeForce RTX 5060 Ti 16 GB,DISCRETE,32,DDR4,3590,MHz,Time Spy,Overall,16782.0,https://www.3dmark.com/spy/56045943,2026-09-15,ACCEPT,"Valid result; GPU clock 3210 MHz, CPU clock 4689 MHz; GPU clock khá cao nên cần kiểm tra điều kiện boost/ép xung trước khi ACCEPT. Windows 10; driver 32.0.15.7652; VBS/HVCI Disabled.",intelcorei514400,geforcertx5060ti16gb,REF-CPU-006-M,25078.0,REF-GPU-008,22619.0,14565.082252717084,-2216.917747282916,2216.917747282916,13.21009264261063
RUN-GAMING-073,Intel Core i5 processor 14400,NVIDIA GeForce RTX 5070,DISCRETE,32,DDR4,3192,MHz,Time Spy,Overall,21365.0,https://www.3dmark.com/spy/64829736,2026-09-15,ACCEPT,"Valid result; GPU clock 3360 MHz, CPU clock 4689 MHz; GPU clock khá cao nên cần kiểm tra điều kiện boost/ép xung trước khi ACCEPT. Windows 11; driver 32.0.16.1074; VBS Running; HVCI Disabled.",intelcorei514400,geforcertx5070,REF-CPU-006-M,25078.0,REF-GPU-009,28652.0,19494.573022073426,-1870.4269779265742,1870.4269779265742,8.754631303190143
RUN-GAMING-074,Intel Core i5 processor 14400,NVIDIA GeForce RTX 5070 Ti,DISCRETE,32,DDR5,5586,MHz,Time Spy,Overall,24125.0,https://www.3dmark.com/spy/56437647,2026-09-15,ACCEPT,"Valid result; GPU clock 2962 MHz, CPU clock 4689 MHz. Windows 11; driver 32.0.15.7652; VBS/HVCI Running.",intelcorei514400,geforcertx5070ti,REF-CPU-006-M,25078.0,REF-GPU-010,32346.0,22638.498145448237,-1486.5018545517632,1486.5018545517632,6.161665718349278
RUN-GAMING-075,Intel Core i5 processor 14400,NVIDIA GeForce RTX 5070 Ti,DISCRETE,24,DDR5,5586,MHz,Time Spy,Overall,23575.0,https://www.3dmark.com/spy/62925519,2026-09-15,ACCEPT,"Valid result; GPU clock 2940 MHz, CPU clock 4689 MHz. Windows 11; driver 32.0.15.9597; VBS/HVCI Disabled.",intelcorei514400,geforcertx5070ti,REF-CPU-006-M,25078.0,REF-GPU-010,32346.0,22638.498145448237,-936.5018545517632,936.5018545517632,3.972436286539823
RUN-GAMING-076,Intel Core i5 processor 14400,NVIDIA GeForce RTX 5070 Ti,DISCRETE,64,DDR5,5984,MHz,Time Spy,Overall,23438.0,https://www.3dmark.com/spy/63864539,2026-09-15,ACCEPT,"Valid result; GPU clock 2865 MHz, CPU clock 4689 MHz. Windows 11; driver 32.0.16.1047; VBS/HVCI Running.",intelcorei514400,geforcertx5070ti,REF-CPU-006-M,25078.0,REF-GPU-010,32346.0,22638.498145448237,-799.5018545517632,799.5018545517632,3.411135141871163
RUN-GAMING-077,Intel Core i5 processor 14400,NVIDIA GeForce RTX 5080,DISCRETE,32,DDR5,6384,MHz,Time Spy,Overall,26313.0,https://www.3dmark.com/spy/56164122,2026-09-15,ACCEPT,"Valid result; GPU clock 2827 MHz, CPU clock 4689 MHz. Windows 11; driver 32.0.15.7652; VBS/HVCI Disabled.",intelcorei514400,geforcertx5080,REF-CPU-006-M,25078.0,REF-GPU-011,35623.0,25498.830502854988,-814.1694971450124,814.1694971450124,3.0941720713906147
RUN-GAMING-078,Intel Core i5 processor 14400,NVIDIA GeForce RTX 5080,DISCRETE,32,DDR5,5984,MHz,Time Spy,Overall,26074.0,https://www.3dmark.com/spy/58880662,2026-09-15,ACCEPT,"Valid result; GPU clock 2865 MHz, CPU clock 4690 MHz. Windows 11; driver 32.0.15.8129; VBS/HVCI Running.",intelcorei514400,geforcertx5080,REF-CPU-006-M,25078.0,REF-GPU-011,35623.0,25498.830502854988,-575.1694971450124,575.1694971450124,2.205912008686862
RUN-GAMING-079,Intel Core i5 processor 14400,NVIDIA GeForce RTX 5080,DISCRETE,32,DDR5,4788,MHz,Time Spy,Overall,25790.0,https://www.3dmark.com/spy/57735212,2026-09-15,ACCEPT,"Valid result; GPU clock 2865 MHz, CPU clock 4689 MHz. Windows 10; driver 32.0.15.7700; VBS/HVCI Disabled.",intelcorei514400,geforcertx5080,REF-CPU-006-M,25078.0,REF-GPU-011,35623.0,25498.830502854988,-291.16949714501243,291.16949714501243,1.1290015399186213
RUN-GAMING-080,Intel Core Ultra 7 Processor 265KF,NVIDIA GeForce RTX 3050 8GB,DISCRETE,32,DDR5,4786,MHz,Time Spy,Overall,7144.0,https://www.3dmark.com/spy/62166064,2026-09-15,ACCEPT,"Valid result; GPU clock 2032 MHz, CPU clock 5487 MHz. Windows 11; driver 32.0.15.9186; VBS/HVCI Disabled.",intelcoreultra7265kf,geforcertx30508gb,REF-CPU-007-M,58517.0,REF-GPU-001,12460.0,8365.184716083955,1221.1847160839552,1221.1847160839552,17.093851009013928
RUN-GAMING-081,Intel Core Ultra 7 Processor 265KF,NVIDIA GeForce RTX 3060 12GB,DISCRETE,16,DDR5,6000,MHz,Time Spy,Overall,10271.0,https://www.3dmark.com/spy/61793398,2026-09-15,ACCEPT,"Valid result; GPU clock 2092 MHz, CPU clock 5500 MHz. Windows 11; driver 32.0.15.9186; VBS/HVCI Disabled.",intelcoreultra7265kf,geforcertx306012gb,REF-CPU-007-M,58517.0,REF-GPU-002,16710.0,12012.263663919484,1741.2636639194843,1741.2636639194843,16.953204789402047
RUN-GAMING-082,Intel Core Ultra 7 Processor 265KF,NVIDIA GeForce RTX 4060 Ti 8 GB,DISCRETE,32,DDR5,6000,MHz,Time Spy,Overall,14386.0,https://www.3dmark.com/spy/53644650,2026-09-19,ACCEPT,"Valid result; GPU clock 2880 MHz, CPU clock 5501 MHz. RAM 32GB DDR5 @ 6000 MHz. Updated with clean run data (replacing corrupted telemetry run). Windows 11; driver 32.0.15.7216; VBS/HVCI Running.",intelcoreultra7265kf,geforcertx4060ti8gb,REF-CPU-007-M,58517.0,REF-GPU-003,22596.0,17426.441962342262,3040.441962342262,3040.441962342262,21.134727946213413
RUN-GAMING-083,Intel Core Ultra 7 Processor 265KF,NVIDIA GeForce RTX 4070 SUPER,DISCRETE,32,DDR5,6382,MHz,Time Spy,Overall,22437.0,https://www.3dmark.com/spy/53337190,2026-09-15,ACCEPT,"Valid result; GPU clock 3030 MHz, CPU clock 5487 MHz; xung CPU/GPU khá cao nên cần kiểm tra điều kiện boost/ép xung trước khi ACCEPT. Windows 11; driver 32.0.15.7242; VBS/HVCI Disabled.",intelcoreultra7265kf,geforcertx4070super,REF-CPU-007-M,58517.0,REF-GPU-004,29942.0,24656.72680913019,2219.7268091301885,2219.7268091301885,9.893153314303108
RUN-GAMING-084,Intel Core Ultra 7 Processor 265KF,NVIDIA GeForce RTX 4080 SUPER,DISCRETE,32,DDR5,7800,MHz,Time Spy,Overall,28307.0,https://www.3dmark.com/spy/61331338,2026-09-15,ACCEPT,"Valid result; GPU clock 2940 MHz, CPU clock 5400 MHz; RAM DDR5 7800 MHz và xung CPU/GPU khá cao nên cần kiểm tra điều kiện XMP/ép xung trước khi ACCEPT. Windows 11; driver 32.0.15.9174; VBS/HVCI Disabled.",intelcoreultra7265kf,geforcertx4080super,REF-CPU-007-M,58517.0,REF-GPU-005,34225.0,29075.25487610112,768.2548761011203,768.2548761011203,2.714010231042217
RUN-GAMING-085,Intel Core Ultra 7 Processor 265KF,NVIDIA GeForce RTX 5050,DISCRETE,48,DDR5,8512,MHz,Time Spy,Overall,12186.0,https://www.3dmark.com/spy/63853698,2026-09-15,ACCEPT,"Valid result; GPU clock 3345 MHz, CPU clock 5587 MHz; RAM DDR5 8512 MHz và xung CPU/GPU rất cao nên cần kiểm tra điều kiện XMP/ép xung trước khi ACCEPT. Windows 11; driver 32.0.16.1047; VBS/HVCI Disabled.",intelcoreultra7265kf,geforcertx5050,REF-CPU-007-M,58517.0,REF-GPU-006,16839.0,12126.702042409159,-59.29795759084118,59.29795759084118,0.48660723445627097
RUN-GAMING-086,Intel Core Ultra 7 Processor 265KF,NVIDIA GeForce RTX 5060,DISCRETE,64,DDR5,5998,MHz,Time Spy,Overall,15842.0,https://www.3dmark.com/spy/65471128,2026-09-15,ACCEPT,"Valid result; GPU clock 3045 MHz, CPU clock 5600 MHz; xung CPU khá cao nên cần kiểm tra điều kiện boost/ép xung trước khi ACCEPT. Windows 11; driver 32.0.16.1656; VBS/HVCI Running.",intelcoreultra7265kf,geforcertx5060,REF-CPU-007-M,58517.0,REF-GPU-007,20659.0,15603.415397940766,-238.58460205923438,238.58460205923438,1.5060257673225248
RUN-GAMING-087,Intel Core Ultra 7 Processor 265KF,NVIDIA GeForce RTX 5060 Ti 16 GB,DISCRETE,96,DDR5,7182,MHz,Time Spy,Overall,19026.0,https://www.3dmark.com/spy/62424277,2026-09-15,ACCEPT,"Valid result; GPU clock 3352 MHz, CPU clock 5487 MHz; RAM DDR5 7182 MHz và xung GPU/CPU khá cao nên cần kiểm tra điều kiện XMP/ép xung trước khi ACCEPT. Windows 11; driver 32.0.15.9159; VBS Running; HVCI Disabled.",intelcoreultra7265kf,geforcertx5060ti16gb,REF-CPU-007-M,58517.0,REF-GPU-008,22619.0,17448.314566137513,-1577.6854338624871,1577.6854338624871,8.292260243154036
RUN-GAMING-088,Intel Core Ultra 7 Processor 265KF,NVIDIA GeForce RTX 5070,DISCRETE,48,DDR5,8000,MHz,Time Spy,Overall,24816.0,https://www.3dmark.com/spy/59569232,2026-09-15,ACCEPT,"Valid result; GPU clock 3232 MHz, CPU clock 5401 MHz; RAM DDR5 8000 MHz và xung CPU/GPU khá cao nên cần kiểm tra điều kiện XMP/ép xung trước khi ACCEPT. Windows 10; driver 32.0.15.8157; VBS/HVCI Disabled.",intelcoreultra7265kf,geforcertx5070,REF-CPU-007-M,58517.0,REF-GPU-009,28652.0,23353.62317354719,-1462.3768264528117,1462.3768264528117,5.892878894474579
RUN-GAMING-089,Intel Core Ultra 7 Processor 265KF,NVIDIA GeForce RTX 5070 Ti,DISCRETE,48,DDR5,8000,MHz,Time Spy,Overall,29725.0,https://www.3dmark.com/spy/64843895,2026-09-15,ACCEPT,"Valid result; GPU clock 3375 MHz, CPU clock 5701 MHz; RAM DDR5 8000 MHz và xung CPU/GPU rất cao nên cần kiểm tra điều kiện XMP/ép xung trước khi ACCEPT. Windows 11; driver 32.0.16.1074; VBS Running; HVCI Disabled.",intelcoreultra7265kf,geforcertx5070ti,REF-CPU-007-M,58517.0,REF-GPU-010,32346.0,27119.904309020603,-2605.0956909793967,2605.0956909793967,8.763988867886953
RUN-GAMING-090,Intel Core Ultra 7 Processor 265KF,NVIDIA GeForce RTX 5080,DISCRETE,48,DDR5,8466,MHz,Time Spy,Overall,34020.0,https://www.3dmark.com/spy/62897415,2026-09-15,ACCEPT,"Valid result; GPU clock 3352 MHz, CPU clock 5500 MHz; RAM DDR5 8466 MHz và xung CPU/GPU rất cao nên cần kiểm tra điều kiện XMP/ép xung trước khi ACCEPT. Windows 11; driver 32.0.15.9597; VBS/HVCI Running.",intelcoreultra7265kf,geforcertx5080,REF-CPU-007-M,58517.0,REF-GPU-011,35623.0,30546.45404418764,-3473.5459558123584,3473.5459558123584,10.210305572640676
RUN-GAMING-091,AMD Ryzen 7 7800X3D,NVIDIA GeForce RTX 3050 8GB,DISCRETE,32,DDR5,6196,MHz,Time Spy,Overall,7418.0,https://www.3dmark.com/spy/53464025,2026-09-15,ACCEPT,"Valid result; GPU clock 2152 MHz, CPU clock 5215 MHz; xung CPU khá cao nên cần kiểm tra điều kiện boost trước khi ACCEPT. Windows 11; driver 32.0.15.7242; VBS Running; HVCI Disabled.",amdryzen77800x3d,geforcertx30508gb,REF-CPU-008-M,34277.0,REF-GPU-001,12460.0,7463.850088993666,45.85008899366585,45.85008899366585,0.6180923293834706
RUN-GAMING-092,AMD Ryzen 7 7800X3D,NVIDIA GeForce RTX 3060 12GB,DISCRETE,32,DDR5,5996,MHz,Time Spy,Overall,10596.0,https://www.3dmark.com/spy/54132027,2026-09-15,ACCEPT,"Valid result; GPU clock 2190 MHz, CPU clock 5052 MHz; xung GPU khá cao nên cần kiểm tra điều kiện tuning/ép xung trước khi ACCEPT. Windows 10; driver 32.0.15.7270; VBS/HVCI Disabled.",amdryzen77800x3d,geforcertx306012gb,REF-CPU-008-M,34277.0,REF-GPU-002,16710.0,10717.962395328055,121.96239532805521,121.96239532805521,1.1510229834659798
RUN-GAMING-093,AMD Ryzen 7 7800X3D,NVIDIA GeForce RTX 4060 Ti 8 GB,DISCRETE,32,DDR5,6000,MHz,Time Spy,Overall,15108.0,https://www.3dmark.com/spy/63369626,2026-09-15,ACCEPT,"Valid result; GPU clock 3105 MHz, CPU clock 5242 MHz; xung GPU/CPU khá cao nên cần kiểm tra điều kiện tuning/ép xung trước khi ACCEPT. Windows 11; driver 32.0.15.9636; VBS/HVCI Disabled.",amdryzen77800x3d,geforcertx4060ti8gb,REF-CPU-008-M,34277.0,REF-GPU-003,22596.0,15548.772060153731,440.7720601537312,440.7720601537312,2.9174745840199314
RUN-GAMING-094,AMD Ryzen 7 7800X3D,NVIDIA GeForce RTX 4070 SUPER,DISCRETE,32,DDR5,5998,MHz,Time Spy,Overall,21596.0,https://www.3dmark.com/spy/61478885,2026-09-15,ACCEPT,"Valid result; GPU clock 3045 MHz, CPU clock 5054 MHz; xung GPU/CPU khá cao nên cần kiểm tra điều kiện boost/tuning trước khi ACCEPT. Windows 11; driver 32.0.15.9174; VBS/HVCI Running.",amdryzen77800x3d,geforcertx4070super,REF-CPU-008-M,34277.0,REF-GPU-004,29942.0,22000.005837859353,404.00583785935305,404.00583785935305,1.8707438315398826
RUN-GAMING-095,AMD Ryzen 7 7800X3D,NVIDIA GeForce RTX 4080 SUPER,DISCRETE,48,DDR5,6198,MHz,Time Spy,Overall,27079.0,https://www.3dmark.com/spy/53078283,2026-09-15,ACCEPT,"Valid result; GPU clock 3045 MHz, CPU clock 5113 MHz; xung GPU/CPU khá cao nên cần kiểm tra điều kiện boost/tuning trước khi ACCEPT. Windows 11; driver 32.0.15.7216; VBS/HVCI Disabled.",amdryzen77800x3d,geforcertx4080super,REF-CPU-008-M,34277.0,REF-GPU-005,34225.0,25942.444914246033,-1136.5550857539674,1136.5550857539674,4.197182635082416
RUN-GAMING-096,AMD Ryzen 7 7800X3D,NVIDIA GeForce RTX 5050,DISCRETE,32,DDR5,5990,MHz,Time Spy,Overall,11385.0,https://www.3dmark.com/spy/65639906,2026-09-15,ACCEPT,"Valid result; GPU clock 3090 MHz, CPU clock 5015 MHz; xung GPU khá cao nên cần kiểm tra điều kiện tuning/ép xung trước khi ACCEPT. Windows 11; driver 32.0.16.1664; VBS/HVCI Running.",amdryzen77800x3d,geforcertx5050,REF-CPU-008-M,34277.0,REF-GPU-006,16839.0,10820.070230416519,-564.9297695834812,564.9297695834812,4.962053312107871
RUN-GAMING-097,AMD Ryzen 7 7800X3D,NVIDIA GeForce RTX 5060,DISCRETE,16,DDR5,6000,MHz,Time Spy,Overall,15669.0,https://www.3dmark.com/spy/65751779,2026-09-15,ACCEPT,"Valid result; GPU clock 3315 MHz, CPU clock 5199 MHz; xung GPU khá cao nên cần kiểm tra điều kiện tuning/ép xung trước khi ACCEPT. Windows 10; driver 32.0.16.1656; VBS/HVCI Disabled.",amdryzen77800x3d,geforcertx5060,REF-CPU-008-M,34277.0,REF-GPU-007,20659.0,13922.173551362433,-1746.8264486375665,1746.8264486375665,11.148295670671814
RUN-GAMING-098,AMD Ryzen 7 7800X3D,NVIDIA GeForce RTX 5060 Ti 16 GB,DISCRETE,32,DDR5,5998,MHz,Time Spy,Overall,18018.0,https://www.3dmark.com/spy/61048617,2026-09-15,ACCEPT,"Valid result; GPU model and reported GPU Memory are consistent at 16 GB. GPU clock 3330 MHz, CPU clock 5050 MHz; xung GPU khá cao nên cần kiểm tra điều kiện tuning/ép xung trước khi ACCEPT. Windows 11; driver 32.0.15.9159; VBS Running; HVCI Disabled.",amdryzen77800x3d,geforcertx5060ti16gb,REF-CPU-008-M,34277.0,REF-GPU-008,22619.0,15568.287927564266,-2449.7120724357337,2449.7120724357337,13.59591559793392
RUN-GAMING-099,AMD Ryzen 7 7800X3D,NVIDIA GeForce RTX 5070,DISCRETE,32,DDR5,6406,MHz,Time Spy,Overall,23235.0,https://www.3dmark.com/spy/61243680,2026-09-15,ACCEPT,"Valid result; GPU clock 3367 MHz, CPU clock 5082 MHz; GPU clock khá cao nên cần kiểm tra điều kiện tuning/ép xung trước khi ACCEPT. Windows 10; driver 32.0.15.9174; VBS/HVCI Disabled.",amdryzen77800x3d,geforcertx5070,REF-CPU-008-M,34277.0,REF-GPU-009,28652.0,20837.309434071234,-2397.690565928766,2397.690565928766,10.319305211658127
RUN-GAMING-100,AMD Ryzen 7 7800X3D,NVIDIA GeForce RTX 5070 Ti,DISCRETE,32,DDR5,6006,MHz,Time Spy,Overall,28302.0,https://www.3dmark.com/spy/65735022,2026-09-15,ACCEPT,"Valid result; GPU clock 3307 MHz, CPU clock 5274 MHz; xung GPU/CPU khá cao nên cần kiểm tra điều kiện tuning/ép xung trước khi ACCEPT. Windows 11; driver 32.0.16.1692; VBS/HVCI Disabled.",amdryzen77800x3d,geforcertx5070ti,REF-CPU-008-M,34277.0,REF-GPU-010,32346.0,24197.780092194153,-4104.2199078058475,4104.2199078058475,14.501519001504654
RUN-GAMING-101,AMD Ryzen 7 7800X3D,NVIDIA GeForce RTX 5080,DISCRETE,64,DDR5,6206,MHz,Time Spy,Overall,31820.0,https://www.3dmark.com/spy/65365551,2026-09-15,ACCEPT,"Valid result; GPU clock 3300 MHz, CPU clock 5051 MHz; xung GPU khá cao nên cần kiểm tra điều kiện tuning/ép xung trước khi ACCEPT. Windows 11; driver 32.0.16.1088; VBS/HVCI Disabled.",amdryzen77800x3d,geforcertx5080,REF-CPU-008-M,34277.0,REF-GPU-011,35623.0,27255.124838759464,-4564.875161240536,4564.875161240536,14.345930739285153
RUN-GAMING-102,Intel Core i7 processor 14700F,NVIDIA GeForce RTX 3050 8GB,DISCRETE,32,DDR5,5586,MHz,Time Spy,Overall,7275.0,https://www.3dmark.com/spy/65276199,2026-09-15,ACCEPT,"Valid result; GPU clock 2032 MHz, CPU clock 5387 MHz; CPU temperature 80 C và xung CPU khá cao nên cần kiểm tra điều kiện boost/ép xung trước khi ACCEPT. Windows 11; driver 32.0.16.1088; VBS/HVCI Running.",intelcorei714700f,geforcertx30508gb,REF-CPU-009-M,41313.0,REF-GPU-001,12460.0,7766.882806470809,491.88280647080865,491.88280647080865,6.761275690320394
RUN-GAMING-103,Intel Core i7 processor 14700F,NVIDIA GeForce RTX 3060 12GB,DISCRETE,32,DDR5,4388,MHz,Time Spy,Overall,10173.0,https://www.3dmark.com/spy/63022176,2026-09-15,ACCEPT,"Valid result; GPU clock 2182 MHz, CPU clock 5387 MHz; xung CPU khá cao nên cần kiểm tra điều kiện boost trước khi ACCEPT. Windows 11; driver 32.0.15.9597; VBS/HVCI Running.",intelcorei714700f,geforcertx306012gb,REF-CPU-009-M,41313.0,REF-GPU-002,16710.0,11153.112248520241,980.1122485202413,980.1122485202413,9.63444655971927
RUN-GAMING-104,Intel Core i7 processor 14700F,NVIDIA GeForce RTX 4060 Ti 8 GB,DISCRETE,32,DDR5,6384,MHz,Time Spy,Overall,15225.0,https://www.3dmark.com/spy/55713226,2026-09-15,ACCEPT,"Valid result; GPU clock 2985 MHz, CPU clock 5387 MHz; xung CPU/GPU khá cao nên cần kiểm tra điều kiện boost/ép xung trước khi ACCEPT. Windows 11; driver 32.0.15.7628; VBS/HVCI Running.",intelcorei714700f,geforcertx4060ti8gb,REF-CPU-009-M,41313.0,REF-GPU-003,22596.0,16180.053047129762,955.0530471297625,955.0530471297625,6.272926417929474
RUN-GAMING-105,Intel Core i7 processor 14700F,NVIDIA GeForce RTX 4070 SUPER,DISCRETE,32,DDR5,6184,MHz,Time Spy,Overall,22720.0,https://www.3dmark.com/spy/64041641,2026-09-15,ACCEPT,"Valid result; GPU clock 3060 MHz, CPU clock 5387 MHz; CPU temperature 85 C và xung CPU/GPU khá cao nên cần kiểm tra điều kiện boost/ép xung trước khi ACCEPT. Windows 11; driver 32.0.16.1047; VBS/HVCI Running.",intelcorei714700f,geforcertx4070super,REF-CPU-009-M,41313.0,REF-GPU-004,29942.0,22893.207265282235,173.2072652822353,173.2072652822353,0.7623559211365991
RUN-GAMING-106,Intel Core i7 processor 14700F,NVIDIA GeForce RTX 4080 SUPER,DISCRETE,32,DDR5,5586,MHz,Time Spy,Overall,28091.0,https://www.3dmark.com/spy/55275089,2026-09-15,ACCEPT,"Valid result; GPU clock 2985 MHz, CPU clock 5387 MHz; xung CPU/GPU khá cao nên cần kiểm tra điều kiện boost/ép xung trước khi ACCEPT. Windows 11; driver 32.0.15.7602; VBS/HVCI Disabled.",intelcorei714700f,geforcertx4080super,REF-CPU-009-M,41313.0,REF-GPU-005,34225.0,26995.70958149299,-1095.290418507011,1095.290418507011,3.8990794863373006
RUN-GAMING-107,Intel Core i7 processor 14700F,NVIDIA GeForce RTX 5050,DISCRETE,32,DDR4,3192,MHz,Time Spy,Overall,11274.0,https://www.3dmark.com/spy/61741407,2026-09-15,ACCEPT,"Valid result; GPU clock 3120 MHz, CPU clock 5387 MHz; GPU clock khá cao nên cần kiểm tra điều kiện boost/ép xung trước khi ACCEPT. Windows 11; driver 32.0.15.9186; VBS/HVCI Disabled.",intelcorei714700f,geforcertx5050,REF-CPU-009-M,41313.0,REF-GPU-006,16839.0,11259.365667238286,-14.634332761714177,14.634332761714177,0.12980603833345908
RUN-GAMING-108,Intel Core i7 processor 14700F,NVIDIA GeForce RTX 5060,DISCRETE,32,DDR5,5984,MHz,Time Spy,Overall,15804.0,https://www.3dmark.com/spy/61428777,2026-09-15,ACCEPT,"Valid result; GPU clock 3345 MHz, CPU clock 5387 MHz; xung GPU khá cao nên cần kiểm tra điều kiện boost/ép xung trước khi ACCEPT. Windows 11; driver 32.0.15.9174; VBS Running; HVCI Disabled.",intelcorei714700f,geforcertx5060,REF-CPU-009-M,41313.0,REF-GPU-007,20659.0,14487.414550867366,-1316.5854491326336,1316.5854491326336,8.330710257736229
RUN-GAMING-109,Intel Core i7 processor 14700F,NVIDIA GeForce RTX 5060 Ti 16 GB,DISCRETE,32,DDR5,5586,MHz,Time Spy,Overall,19515.0,https://www.3dmark.com/spy/65489137,2026-09-15,ACCEPT,"Valid result; GPU clock 3255 MHz, CPU clock 5387 MHz; xung CPU/GPU khá cao nên cần kiểm tra điều kiện boost/ép xung trước khi ACCEPT. Windows 11; driver 32.0.16.1656; VBS/HVCI Running.",intelcorei714700f,geforcertx5060ti16gb,REF-CPU-009-M,41313.0,REF-GPU-008,22619.0,16200.361259813157,-3314.6387401868433,3314.6387401868433,16.985081937928996
RUN-GAMING-110,Intel Core i7 processor 14700F,NVIDIA GeForce RTX 5070,DISCRETE,32,DDR5,5984,MHz,Time Spy,Overall,25004.0,https://www.3dmark.com/spy/58417614,2026-09-15,ACCEPT,"Valid result; GPU clock 3292 MHz, CPU clock 5387 MHz; xung CPU/GPU khá cao nên cần kiểm tra điều kiện boost/ép xung trước khi ACCEPT. Windows 11; driver 32.0.15.8115; VBS/HVCI Running.",intelcorei714700f,geforcertx5070,REF-CPU-009-M,41313.0,REF-GPU-009,28652.0,21683.30532458758,-3320.6946754124183,3320.6946754124183,13.280653797042147
RUN-GAMING-111,Intel Core i7 processor 14700F,NVIDIA GeForce RTX 5070 Ti,DISCRETE,32,DDR5,6184,MHz,Time Spy,Overall,29786.0,https://www.3dmark.com/spy/59883018,2026-09-15,ACCEPT,"Valid result; GPU clock 3360 MHz, CPU clock 5287 MHz; GPU/CPU clocks khá cao và CPU temperature 79 C nên cần kiểm tra điều kiện boost/ép xung trước khi ACCEPT. Windows 11; driver 32.0.15.8180; VBS/HVCI Running.",intelcorei714700f,geforcertx5070ti,REF-CPU-009-M,41313.0,REF-GPU-010,32346.0,25180.21127326314,-4605.788726736861,4605.788726736861,15.462931332628955
RUN-GAMING-112,Intel Core i7 processor 14700F,NVIDIA GeForce RTX 5080,DISCRETE,32,DDR5,6782,MHz,Time Spy,Overall,34053.0,https://www.3dmark.com/spy/59782828,2026-09-15,ACCEPT,"Valid result; GPU clock 3232 MHz, CPU clock 5287 MHz; xung khá cao nên cần kiểm tra điều kiện boost/ép xung trước khi ACCEPT. Windows 11; driver 32.0.15.8157; VBS/HVCI Disabled.",intelcorei714700f,geforcertx5080,REF-CPU-009-M,41313.0,REF-GPU-011,35623.0,28361.684381969906,-5691.315618030094,5691.315618030094,16.71311079208908
RUN-GAMING-113,Intel Core i7 processor 14700F,NVIDIA GeForce RTX 5080,DISCRETE,32,DDR5,6782,MHz,Time Spy,Overall,33143.0,https://www.3dmark.com/spy/58986029,2026-09-15,ACCEPT,"Valid result; GPU clock 3195 MHz, CPU clock 5387 MHz; xung khá cao nên cần kiểm tra điều kiện boost/ép xung trước khi ACCEPT. Windows 11; driver 32.0.15.8115; VBS/HVCI Disabled.",intelcorei714700f,geforcertx5080,REF-CPU-009-M,41313.0,REF-GPU-011,35623.0,28361.684381969906,-4781.315618030094,4781.315618030094,14.426321147844472
RUN-GAMING-114,Intel Core Ultra 7 Processor 265F,NVIDIA GeForce RTX 3050 8GB,DISCRETE,32,DDR5,3994,MHz,Time Spy,Overall,6838.0,https://www.3dmark.com/spy/58928044,2026-09-15,ACCEPT,"Valid result; GPU clock 1920 MHz, CPU clock 5300 MHz. RAM 32GB DDR5 @ 3994 MHz. Windows 11; driver 32.0.15.6094; VBS/HVCI Disabled.",intelcoreultra7265f,geforcertx30508gb,REF-CPU-010-M,49402.0,REF-GPU-001,12460.0,8068.6389553854415,1230.6389553854415,1230.6389553854415,17.997059891568316
RUN-GAMING-115,Intel Core Ultra 7 Processor 265F,NVIDIA GeForce RTX 3060 12GB,DISCRETE,32,DDR5,5998,MHz,Time Spy,Overall,9529.0,https://www.3dmark.com/spy/62615133,2026-09-15,ACCEPT,"Valid result; GPU clock 1927 MHz, CPU clock 5300 MHz. RAM 32GB DDR5 @ 5998 MHz. Windows 11; driver 32.0.15.9186; VBS/HVCI Running.",intelcoreultra7265f,geforcertx306012gb,REF-CPU-010-M,49402.0,REF-GPU-002,16710.0,11586.42897086375,2057.42897086375,2057.42897086375,21.591236969920768
RUN-GAMING-116,Intel Core Ultra 7 Processor 265F,NVIDIA GeForce RTX 4060 Ti 8 GB,DISCRETE,32,DDR5,4798,MHz,Time Spy,Overall,14305.0,https://www.3dmark.com/spy/62436738,2026-09-15,ACCEPT,"Valid result; GPU clock 2835 MHz, CPU clock 5100 MHz. CPU average temperature 80 C tương đối cao, cần kiểm tra điều kiện nhiệt độ/boost trước khi ACCEPT. Windows 11; driver 32.0.15.9144; VBS/HVCI Running.",intelcoreultra7265f,geforcertx4060ti8gb,REF-CPU-010-M,49402.0,REF-GPU-003,22596.0,16808.67467286984,2503.6746728698417,2503.6746728698417,17.502094881998193
RUN-GAMING-117,Intel Core Ultra 7 Processor 265F,NVIDIA GeForce RTX 4070 SUPER,DISCRETE,32,DDR5,6384,MHz,Time Spy,Overall,22193.0,https://www.3dmark.com/spy/63289208,2026-09-15,ACCEPT,"Valid result; GPU clock 3060 MHz, CPU clock 5088 MHz; xung GPU khá cao nên cần kiểm tra điều kiện tuning/ép xung trước khi ACCEPT. Windows 11; driver 32.0.15.9621; VBS/HVCI Disabled.",intelcoreultra7265f,geforcertx4070super,REF-CPU-010-M,49402.0,REF-GPU-004,29942.0,23782.645954240048,1589.645954240048,1589.645954240048,7.162825910152066
RUN-GAMING-118,Intel Core Ultra 7 Processor 265F,NVIDIA GeForce RTX 4080 SUPER,DISCRETE,32,DDR5,6384,MHz,Time Spy,Overall,25337.0,https://www.3dmark.com/spy/63195999,2026-09-15,ACCEPT,"Valid result; GPU clock 2805 MHz, CPU clock 5287 MHz. RAM 32GB DDR5 @ 6384 MHz. Xung GPU/CPU khá cao, cần kiểm tra điều kiện boost/tuning trước khi ACCEPT. Windows 11; driver 32.0.15.9621; VBS/HVCI Running.",intelcoreultra7265f,geforcertx4080super,REF-CPU-010-M,49402.0,REF-GPU-005,34225.0,28044.537221037488,2707.537221037488,2707.537221037488,10.686100252742978
RUN-GAMING-119,Intel Core Ultra 7 Processor 265F,NVIDIA GeForce RTX 5050,DISCRETE,64,DDR5,5998,MHz,Time Spy,Overall,10959.0,https://www.3dmark.com/spy/61585009,2026-09-15,ACCEPT,"Valid result; GPU clock 2955 MHz, CPU clock 5301 MHz; xung GPU/CPU khá cao nên cần kiểm tra điều kiện boost/tuning trước khi ACCEPT. Windows 11; driver 32.0.15.9174; VBS/HVCI Disabled.",intelcoreultra7265f,geforcertx5050,REF-CPU-010-M,49402.0,REF-GPU-006,16839.0,11696.810509348796,737.8105093487957,737.8105093487957,6.732461988765359
RUN-GAMING-120,Intel Core Ultra 7 Processor 265F,NVIDIA GeForce RTX 5060,DISCRETE,32,DDR5,5998,MHz,Time Spy,Overall,15536.0,https://www.3dmark.com/spy/62090261,2026-09-15,ACCEPT,"Valid result; GPU clock 3225 MHz, CPU clock 5301 MHz; xung GPU khá cao nên cần kiểm tra điều kiện tuning/ép xung trước khi ACCEPT. Windows 11; driver 32.0.15.9186; VBS Running; HVCI Disabled.",intelcoreultra7265f,geforcertx5060,REF-CPU-010-M,49402.0,REF-GPU-007,20659.0,15050.274392006902,-485.7256079930976,485.7256079930976,3.126452162674418
RUN-GAMING-121,Intel Core Ultra 7 Processor 265F,NVIDIA GeForce RTX 5060 Ti 16 GB,DISCRETE,32,DDR5,5586,MHz,Time Spy,Overall,17104.0,https://www.3dmark.com/spy/61527667,2026-09-15,ACCEPT,"Valid result; GPU model và GPU Memory được báo cáo nhất quán ở mức 16 GB. GPU clock 3225 MHz, CPU clock 5288 MHz; GPU clock khá cao, cần kiểm tra điều kiện tuning/boost trước khi ACCEPT. Windows 11; driver 32.0.15.9174; VBS/HVCI Running.",intelcoreultra7265f,geforcertx5060ti16gb,REF-CPU-010-M,49402.0,REF-GPU-008,22619.0,16829.771892958568,-274.22810704143194,274.22810704143194,1.6032981001019173
RUN-GAMING-122,Intel Core Ultra 7 Processor 265F,NVIDIA GeForce RTX 5070,DISCRETE,32,DDR5,6000,MHz,Time Spy,Overall,24046.0,https://www.3dmark.com/spy/61613827,2026-09-15,ACCEPT,"Valid result; GPU clock 3307 MHz, CPU clock 5300 MHz; GPU clock khá cao nên cần kiểm tra điều kiện tuning/ép xung trước khi ACCEPT. Windows 11; driver 32.0.15.9174; VBS/HVCI Disabled.",intelcoreultra7265f,geforcertx5070,REF-CPU-010-M,49402.0,REF-GPU-009,28652.0,22525.7373366989,-1520.2626633010987,1520.2626633010987,6.322310002915655
RUN-GAMING-123,Intel Core Ultra 7 Processor 265F,NVIDIA GeForce RTX 5070 Ti,DISCRETE,32,DDR5,6400,MHz,Time Spy,Overall,27980.0,https://www.3dmark.com/spy/60767836,2026-09-15,ACCEPT,"Valid result; GPU clock 3337 MHz, CPU clock 5100 MHz; GPU clock khá cao nên cần kiểm tra điều kiện tuning/ép xung trước khi ACCEPT. Windows 11; driver 32.0.15.9159; VBS Running; HVCI Disabled.",intelcoreultra7265f,geforcertx5070ti,REF-CPU-010-M,49402.0,REF-GPU-010,32346.0,26158.50382279747,-1821.4961772025308,1821.4961772025308,6.509993485355721
RUN-GAMING-124,Intel Core Ultra 7 Processor 265F,NVIDIA GeForce RTX 5080,DISCRETE,32,DDR5,6398,MHz,Time Spy,Overall,31308.0,https://www.3dmark.com/spy/65090978,2026-09-15,ACCEPT,"Valid result; GPU clock 3210 MHz, CPU clock 5300 MHz; xung khá cao nên cần kiểm tra điều kiện boost/ép xung trước khi ACCEPT. Windows 11; driver 32.0.16.1088; VBS Running; HVCI Disabled.",intelcoreultra7265f,geforcertx5080,REF-CPU-010-M,49402.0,REF-GPU-011,35623.0,29463.58238520819,-1844.4176147918115,1844.4176147918115,5.891202295872657
RUN-GAMING-125,Intel Core Ultra 7 Processor 265F,NVIDIA GeForce RTX 5080,DISCRETE,32,DDR5,6400,MHz,Time Spy,Overall,30789.0,https://www.3dmark.com/spy/61810580,2026-09-15,ACCEPT,"Valid result; GPU clock 3210 MHz, CPU clock 5101 MHz; xung khá cao nên cần kiểm tra điều kiện boost/ép xung trước khi ACCEPT. Windows 11; driver 32.0.15.9186; VBS Running; HVCI Disabled.",intelcoreultra7265f,geforcertx5080,REF-CPU-010-M,49402.0,REF-GPU-011,35623.0,29463.58238520819,-1325.4176147918115,1325.4176147918115,4.304841387481931
RUN-GAMING-126,Intel Core i7 processor 14700K,NVIDIA GeForce RTX 3060 12GB,DISCRETE,64,DDR4,3192,MHz,Time Spy,Overall,10822.0,https://www.3dmark.com/spy/58911183,2026-09-15,ACCEPT,"Valid result; GPU clock 2175 MHz, CPU clock 5586 MHz; xung GPU/CPU khá cao nên cần kiểm tra điều kiện boost/tuning trước khi ACCEPT. Windows 11; driver 32.0.15.8115; VBS/HVCI Running.",intelcorei714700k,geforcertx306012gb,REF-CPU-011-M,51957.0,REF-GPU-002,16710.0,11711.639802236316,889.6398022363155,889.6398022363155,8.22065978780554
RUN-GAMING-127,Intel Core i7 processor 14700K,NVIDIA GeForce RTX 4060 Ti 8 GB,DISCRETE,32,DDR5,5984,MHz,Time Spy,Overall,14668.0,https://www.3dmark.com/spy/61358537,2026-09-15,ACCEPT,"Valid result; GPU clock 2850 MHz, CPU clock 5586 MHz; xung CPU khá cao nên cần kiểm tra điều kiện boost/tuning trước khi ACCEPT. Windows 10; driver 32.0.15.9174; VBS/HVCI Disabled.",intelcorei714700k,geforcertx4060ti8gb,REF-CPU-011-M,51957.0,REF-GPU-003,22596.0,16990.320642939954,2322.3206429399543,2322.3206429399543,15.832565059585182
RUN-GAMING-128,Intel Core i7 processor 14700K,NVIDIA GeForce RTX 3050 8GB,DISCRETE,32,DDR5,5186,MHz,Time Spy,Overall,7832.0,https://www.3dmark.com/spy/54475058,2026-09-19,ACCEPT,"Valid result; GPU clock 2145 MHz, CPU clock 5487 MHz; xung CPU/GPU khá cao nên cần kiểm tra điều kiện boost/ép xung trước khi ACCEPT. Windows 10; driver 32.0.15.7283; VBS/HVCI Disabled.",intelcorei714700k,geforcertx30508gb,REF-CPU-011-M,51957.0,REF-GPU-001,12460.0,8155.834155406899,323.8341554068993,323.8341554068993,4.134756836145292
RUN-GAMING-129,Intel Core i7 processor 14700K,NVIDIA GeForce RTX 4060 Ti 8 GB,DISCRETE,32,DDR5,5984,MHz,Time Spy,Overall,15191.0,https://www.3dmark.com/spy/45629398,2026-09-19,ACCEPT,"Valid result; GPU clock 3015 MHz, CPU clock 5586 MHz; xung CPU/GPU khá cao và nhiệt độ CPU 76 C, GPU 71 C nên cần kiểm tra điều kiện boost/ép xung trước khi ACCEPT. RAM source does not explicitly state DDR type, so RamType left blank. Windows 11; driver 31.0.15.5123; VBS/HVCI Running.",intelcorei714700k,geforcertx4060ti8gb,REF-CPU-011-M,51957.0,REF-GPU-003,22596.0,16990.320642939954,1799.3206429399543,1799.3206429399543,11.844649087880683
RUN-GAMING-130,Intel Core i7 processor 14700K,NVIDIA GeForce RTX 5050,DISCRETE,32,DDR4,3600,MHz,Time Spy,Overall,10743.0,https://www.3dmark.com/spy/62679156,2026-09-19,ACCEPT,"Valid result; GPU clock 2992 MHz, CPU clock 5500 MHz; xung CPU/GPU khá cao nên cần kiểm tra điều kiện boost/ép xung trước khi ACCEPT. Windows 11; driver 32.0.15.9186; VBS/HVCI Disabled.",intelcorei714700k,geforcertx5050,REF-CPU-011-M,51957.0,REF-GPU-006,16839.0,11823.214198696553,1080.2141986965526,1080.2141986965526,10.055051649414061
RUN-GAMING-131,Intel Core i7 processor 14700K,NVIDIA GeForce RTX 5060 Ti 16 GB,DISCRETE,32,DDR5,6200,MHz,Time Spy,Overall,18420.0,https://www.3dmark.com/spy/65565583,2026-09-19,ACCEPT,"Valid result; GPU clock 3255 MHz, CPU clock 5600 MHz; xung CPU/GPU khá cao, GPU temperature 77 C và CPU temperature 74 C nên cần kiểm tra điều kiện boost/ép xung và tản nhiệt trước khi ACCEPT. Windows 11; driver 32.0.16.1664; VBS/HVCI Disabled.",intelcorei714700k,geforcertx5060ti16gb,REF-CPU-011-M,51957.0,REF-GPU-008,22619.0,17011.64585393715,-1408.3541460628512,1408.3541460628512,7.645787980797237
RUN-GAMING-132,Intel Core i7 processor 14700K,NVIDIA GeForce RTX 5080,DISCRETE,49,DDR5,8000,MHz,Time Spy,Overall,35528.0,https://www.3dmark.com/spy/57105545,2026-09-19,ACCEPT,"Valid result; GPU clock 3330 MHz, CPU clock 5700 MHz; CPU average clock giữ ở 5700 MHz và RAM DDR5 @ 8000 MHz là rất cao, GPU clock cũng cao, nên cần kiểm tra điều kiện boost/ép xung/XMP trước khi ACCEPT. Windows 11; driver 32.0.15.7680; VBS/HVCI Disabled.",intelcorei714700k,geforcertx5080,REF-CPU-011-M,51957.0,REF-GPU-011,35623.0,29781.985894602018,-5746.014105397982,5746.014105397982,16.173198900579774
RUN-GAMING-133,AMD Ryzen 9 9900X3D,NVIDIA GeForce RTX 5080,DISCRETE,32,DDR5,6406,MHz,Time Spy,Overall,31883.0,https://www.3dmark.com/spy/65062049,2026-09-19,ACCEPT,"Valid result; GPU clock 3195 MHz, CPU clock 5724 MHz; xung CPU/GPU khá cao nên cần kiểm tra điều kiện boost/ép xung trước khi ACCEPT. Windows 11; driver 32.0.16.1088; VBS/HVCI Running.",amdryzen99900x3d,geforcertx5080,REF-CPU-012-M,56127.0,REF-GPU-011,35623.0,30276.134716741708,-1606.865283258292,1606.865283258292,5.039881075363962
RUN-GAMING-134,AMD Ryzen 9 9900X3D,NVIDIA GeForce RTX 4060 Ti 8 GB,DISCRETE,32,DDR5,6006,MHz,Time Spy,Overall,13880.0,https://www.3dmark.com/spy/62869283,2026-09-19,ACCEPT,"Valid result; GPU clock 2745 MHz, CPU clock 5535 MHz; CPU clock khá cao và CPU temperature 71 C nên cần kiểm tra điều kiện boost/ép xung trước khi ACCEPT. Windows 11; driver 32.0.15.9174; VBS/HVCI Running.",amdryzen99900x3d,geforcertx4060ti8gb,REF-CPU-012-M,56127.0,REF-GPU-003,22596.0,17272.227529982236,3392.227529982236,3392.227529982236,24.439679610823024
RUN-GAMING-135,AMD Ryzen 9 9900X3D,NVIDIA GeForce RTX 5060 Ti 16 GB,DISCRETE,32,DDR5,6188,MHz,Time Spy,Overall,17308.0,https://www.3dmark.com/spy/60410856,2026-09-19,ACCEPT,"Valid result; GPU clock 3195 MHz, CPU clock 5713 MHz; xung CPU/GPU khá cao nên cần kiểm tra điều kiện boost/ép xung trước khi ACCEPT. Windows 11; driver 32.0.15.9144; VBS/HVCI Disabled.",amdryzen99900x3d,geforcertx5060ti16gb,REF-CPU-012-M,56127.0,REF-GPU-008,22619.0,17293.906573256885,-14.093426743114833,14.093426743114833,0.08142724025372564
RUN-GAMING-136,Intel Core i9 processor 14900K,NVIDIA GeForce RTX 4060 Ti 8 GB,DISCRETE,32,DDR5,7800,MHz,Time Spy,Overall,16774.0,https://www.3dmark.com/spy/43674151,2026-09-19,ACCEPT,"Valid result; GPU clock 3135 MHz, CPU clock 5800 MHz; CPU average clock giữ ở 5800 MHz, GPU clock và RAM @ 7800 MHz đều khá cao nên cần kiểm tra điều kiện boost/ép xung/XMP trước khi ACCEPT. RAM source does not explicitly state DDR type, so RamType left blank. Windows 11; driver 31.0.15.4584; VBS/HVCI Disabled.",intelcorei914900k,geforcertx4060ti8gb,REF-CPU-013-M,58253.0,REF-GPU-003,22596.0,17409.65359800989,635.6535980098888,635.6535980098888,3.7895170979485444
RUN-GAMING-137,Intel Core i9 processor 14900K,NVIDIA GeForce RTX 5060 Ti 16 GB,DISCRETE,48,DDR5,8200,MHz,Time Spy,Overall,18806.0,https://www.3dmark.com/spy/59778822,2026-09-19,ACCEPT,"Valid result; tiêu đề nguồn xác định RTX 5060 Ti 16 GB nhưng GPU Memory chi tiết chỉ báo cáo 8192 MB, nên thông tin VRAM không nhất quán. GPU clock 3337 MHz, CPU clock 5900 MHz và RAM DDR5 @ 8200 MHz rất cao, cần kiểm tra điều kiện boost/ép xung/XMP trước khi ACCEPT. Windows 11; driver 32.0.16.1088; VBS Running; HVCI Disabled.",intelcorei914900k,geforcertx5060ti16gb,REF-CPU-013-M,58253.0,REF-GPU-008,22619.0,17431.50513007735,-1374.4948699226516,1374.4948699226516,7.308810326080248
RUN-GAMING-138,Intel Core i9 processor 14900K,NVIDIA GeForce RTX 5070,DISCRETE,32,DDR5,8378,MHz,Time Spy,Overall,27085.0,https://www.3dmark.com/spy/61619400,2026-09-19,ACCEPT,"Valid result; GPU clock 3487 MHz, CPU clock 5786 MHz và RAM DDR5 @ 8378 MHz rất cao, kết quả có thể phản ánh điều kiện boost/ép xung/XMP mạnh, cần kiểm tra trước khi ACCEPT. Windows 11; driver 32.0.15.8142; VBS/HVCI Disabled.",intelcorei914900k,geforcertx5070,REF-CPU-013-M,58253.0,REF-GPU-009,28652.0,23331.12465462028,-3753.8753453797217,3753.8753453797217,13.859609914638073
RUN-GAMING-139,Intel Core i9 processor 14900K,NVIDIA GeForce RTX 5070 Ti,DISCRETE,64,DDR5,6400,MHz,Time Spy,Overall,31054.0,https://www.3dmark.com/spy/63913300,2026-09-19,ACCEPT,"Valid result; GPU clock 3292 MHz, CPU clock 5700 MHz; CPU temperature 81 C và xung CPU/GPU khá cao nên cần kiểm tra điều kiện boost/ép xung trước khi ACCEPT. Windows 11; driver 32.0.16.1047; VBS/HVCI Disabled.",intelcorei914900k,geforcertx5070ti,REF-CPU-013-M,58253.0,REF-GPU-010,32346.0,27093.77741316987,-3960.2225868301284,3960.2225868301284,12.752697194661327
RUN-GAMING-140,Intel Core i9 processor 14900K,NVIDIA GeForce RTX 5080,DISCRETE,32,DDR5,8000,MHz,Time Spy,Overall,35820.0,https://www.3dmark.com/spy/62936119,2026-09-19,ACCEPT,"Valid result; GPU clock 3382 MHz, CPU clock 5700 MHz và RAM DDR5 @ 8000 MHz rất cao, kết quả có thể phản ánh điều kiện boost/ép xung/XMP mạnh, cần kiểm tra trước khi ACCEPT. Windows 11; driver 32.0.15.9597; VBS/HVCI Disabled.",intelcorei914900k,geforcertx5080,REF-CPU-013-M,58253.0,REF-GPU-011,35623.0,30517.02606338329,-5302.973936616709,5302.973936616709,14.804505685697121
RUN-GAMING-141,Intel Core Ultra 9 Processor 285K,NVIDIA GeForce RTX 5080,DISCRETE,48,DDR5,9134,MHz,Time Spy,Overall,35208.0,https://www.3dmark.com/spy/60475636,2026-09-19,ACCEPT,"Valid result; GPU clock 3412 MHz, CPU clock 5801 MHz với average 5799 MHz và RAM DDR5 @ 9134 MHz cực kỳ cao; GPU temperature 34 C và CPU temperature 39 C cho thấy hệ thống có khả năng được tuning mạnh và sử dụng hệ thống tản nhiệt cao cấp. Cần kiểm tra điều kiện boost/ép xung/XMP trước khi ACCEPT và cân nhắc loại khỏi training data mang tính đại diện nếu dataset hướng đến các cấu hình người dùng phổ thông. Windows 10; driver 32.0.15.9144; VBS/HVCI Disabled.",intelcoreultra9285k,geforcertx5080,REF-CPU-014-M,67264.0,REF-GPU-011,35623.0,31467.128534888736,-3740.871465111264,3740.871465111264,10.625060966573688
RUN-GAMING-142,Intel Core Ultra 9 Processor 285K,NVIDIA GeForce RTX 4060 Ti 8 GB,DISCRETE,64,DDR5,6798,MHz,Time Spy,Overall,14463.0,https://www.3dmark.com/spy/62147698,2026-09-19,ACCEPT,"Valid result; GPU clock 2790 MHz, CPU clock 5601 MHz với average 5600 MHz; CPU clock khá cao nên cần kiểm tra điều kiện boost/ép xung trước khi ACCEPT. Hệ thống sử dụng 4 thanh RAM DDR5 16 GB @ 6798 MHz. Windows 11; driver 32.0.15.9186; VBS/HVCI Running.",intelcoreultra9285k,geforcertx4060ti8gb,REF-CPU-014-M,67264.0,REF-GPU-003,22596.0,17951.677413737132,3488.677413737132,3488.677413737132,24.121395379500328
RUN-GAMING-143,Intel Core Ultra 9 Processor 285K,NVIDIA GeForce RTX 5050,DISCRETE,48,DDR5,8000,MHz,Time Spy,Overall,11158.0,https://www.3dmark.com/spy/59862747,2026-09-19,ACCEPT,"Valid result; GPU clock 3015 MHz, CPU clock 5701 MHz và RAM DDR5 @ 8000 MHz cao, cần kiểm tra điều kiện boost/ép xung/XMP trước khi ACCEPT. Windows 11; driver 32.0.15.8180; VBS/HVCI Running.",intelcoreultra9285k,geforcertx5050,REF-CPU-014-M,67264.0,REF-GPU-006,16839.0,12492.202575159323,1334.2025751593228,1334.2025751593228,11.957363104134458
RUN-GAMING-144,AMD Ryzen 9 9950X3D,NVIDIA GeForce RTX 5050,DISCRETE,32,DDR5,6598,MHz,Time Spy,Overall,13698.0,https://www.3dmark.com/spy/63355724,2026-09-15,ACCEPT,...,amdryzen99950x3d,geforcertx5050,REF-CPU-015-M,70109.0,REF-GPU-006,16839.0,12603.001733945095,-1094.998266054905,1094.998266054905,7.993855059533545
RUN-GAMING-145,AMD Ryzen 9 9950X3D,NVIDIA GeForce RTX 4060 Ti 8 GB,DISCRETE,32,DDR5,8398,MHz,Time Spy,Overall,15875.0,https://www.3dmark.com/spy/62680498,2026-09-19,ACCEPT,"Valid result; GPU clock 3075 MHz, CPU clock 5925 MHz và RAM DDR5 @ 8398 MHz rất cao, cần kiểm tra điều kiện boost/ép xung/XMP trước khi ACCEPT. Processor báo cáo 1 / 16 physical/logical processors đối với CPU 16-core, có thể cho thấy SMT bị tắt hoặc cấu hình benchmark bất thường, cần kiểm tra lại. Windows 11; driver 32.0.15.9174; VBS/HVCI Disabled.",amdryzen99950x3d,geforcertx4060ti8gb,REF-CPU-015-M,70109.0,REF-GPU-003,22596.0,18110.899195826292,2235.8991958262923,2235.8991958262923,14.084404383157747
RUN-GAMING-146,AMD Ryzen 9 9950X3D,NVIDIA GeForce RTX 5080,DISCRETE,32,DDR5,8008,MHz,Time Spy,Overall,34272.0,https://www.3dmark.com/spy/59525736,2026-09-19,ACCEPT,"Valid result; GPU clock 3352 MHz, CPU clock 5727 MHz và RAM DDR5 @ 8008 MHz cao, cần kiểm tra điều kiện boost/ép xung/EXPO trước khi ACCEPT. Processor báo cáo 1 / 32 physical/logical processors, phù hợp với SMT được bật trên CPU 16-core. Windows 10; driver 32.0.15.7628; VBS/HVCI Disabled.",amdryzen99950x3d,geforcertx5080,REF-CPU-015-M,70109.0,REF-GPU-011,35623.0,31746.225143360578,-2525.774856639422,2525.774856639422,7.369791248364327
RUN-GAMING-147,Intel Core i5-12400F Processor,NVIDIA GeForce RTX 3050 6GB,DISCRETE,32,DDR4,3192,MHz,Time Spy,Overall,5888.0,https://www.3dmark.com/spy/47144453,2026-10-02,ACCEPT,,intelcorei512400f,geforcertx30506gb,REF-CPU-016-M,19539.0,REF-GPU-012,10740.0,5513.006350660589,-374.9936493394107,374.9936493394107,6.368778011878578
RUN-GAMING-148,Intel Core i5-12400F Processor,NVIDIA GeForce RTX 3050 8GB,DISCRETE,32,DDR5,6000,MHz,Time Spy,Overall,7490.0,http://www.3dmark.com/spy/45308110,2026-10-02,ACCEPT,,intelcorei512400f,geforcertx30508gb,REF-CPU-016-M,19539.0,REF-GPU-001,12460.0,6621.104918072649,-868.8950819273514,868.8950819273514,11.600735406239671
RUN-GAMING-149,Intel Core i5-12400F Processor,NVIDIA GeForce RTX 3060 12GB,DISCRETE,32,DDR5,5586,MHz,Time Spy,Overall,10044.0,http://www.3dmark.com/spy/57573871,2026-10-02,ACCEPT,,intelcorei512400f,geforcertx306012gb,REF-CPU-016-M,19539.0,REF-GPU-002,16710.0,9507.794594115743,-536.2054058842568,536.2054058842568,5.338564375589972
RUN-GAMING-150,Intel Core i5-12400F Processor,NVIDIA GeForce RTX 4080 SUPER,DISCRETE,32,DDR5,6384,MHz,Time Spy,Overall,22500.0,http://www.3dmark.com/spy/57140220,2026-10-02,ACCEPT,,intelcorei512400f,geforcertx4080super,REF-CPU-016-M,19539.0,REF-GPU-005,34225.0,23013.277003223175,513.2770032231747,513.2770032231747,2.281231125436332
RUN-GAMING-151,Intel Core i5-12400F Processor,NVIDIA GeForce RTX 5050,DISCRETE,32,DDR4,3192,MHz,Time Spy,Overall,10195.0,http://www.3dmark.com/spy/60320543,2026-10-02,ACCEPT,,intelcorei512400f,geforcertx5050,REF-CPU-016-M,19539.0,REF-GPU-006,16839.0,9598.373408134921,-596.6265918650788,596.6265918650788,5.852149012899253
RUN-GAMING-152,Intel Core i7-12700KF Processor,NVIDIA GeForce RTX 3050 6GB,DISCRETE,32,DDR5,6384,MHz,Time Spy,Overall,5590.0,http://www.3dmark.com/spy/56327136,2026-10-02,ACCEPT,,intelcorei712700kf,geforcertx30506gb,REF-CPU-017-M,33914.0,REF-GPU-012,10740.0,6200.622967129555,610.622967129555,610.622967129555,10.923487784070751
RUN-GAMING-153,Intel Core i7-12700KF Processor,NVIDIA GeForce RTX 3050 8GB,DISCRETE,32,DDR4,3192,MHz,Time Spy,Overall,7675.0,http://www.3dmark.com/spy/28725229,2026-10-02,ACCEPT,,intelcorei712700kf,geforcertx30508gb,REF-CPU-017-M,33914.0,REF-GPU-001,12460.0,7446.930515118372,-228.06948488162834,228.06948488162834,2.97158937956519
RUN-GAMING-154,Intel Core i5-14400F,NVIDIA GeForce RTX 4060 Ti 8GB,DISCRETE,32,DDR5,5586,MHz,Time Spy,Overall,13323.0,https://www.3dmark.com/spy/54759351,2026-10-03,ACCEPT,,intelcorei514400f,geforcertx4060ti8gb,REF-CPU-018-M,25418.0,REF-GPU-003,22596.0,14588.6412435011,1265.6412435011007,1265.6412435011007,9.499671571726344
RUN-GAMING-155,AMD Ryzen 7 7800X3D,NVIDIA GeForce RTX 5060 Ti 8GB,DISCRETE,32,DDR5,4796,MHz,Time Spy,Overall,14848.0,https://www.3dmark.com/spy/56168631,2026-10-03,ACCEPT,,amdryzen77800x3d,geforcertx5060ti8gb,REF-CPU-008-M,34277.0,REF-GPU-013,21876.0,14940.198776408097,92.19877640809682,92.19877640809682,0.6209508109381521
RUN-GAMING-156,Intel Core i7-12700KF,NVIDIA GeForce RTX 5060,DISCRETE,32,DDR4,3590,MHz,Time Spy,Overall,14129.0,https://www.3dmark.com/spy/56524920,2026-10-03,ACCEPT,,intelcorei712700kf,geforcertx5060,REF-CPU-017-M,33914.0,REF-GPU-007,20659.0,13890.613801220306,-238.3861987796936,238.3861987796936,1.6872121082857499
RUN-GAMING-157,Intel Core i7-12700KF,NVIDIA GeForce RTX 4070 SUPER,DISCRETE,32,DDR4,3590,MHz,Time Spy,Overall,20252.0,https://www.3dmark.com/spy/54597137,2026-10-03,ACCEPT,,intelcorei712700kf,geforcertx4070super,REF-CPU-017-M,33914.0,REF-GPU-004,29942.0,21950.13469634498,1698.1346963449796,1698.1346963449796,8.38502220197995
RUN-GAMING-158,Intel Core i7-12700KF,NVIDIA GeForce RTX 5060 Ti 16GB,DISCRETE,32,DDR4,3590,MHz,Time Spy,Overall,16419.0,https://www.3dmark.com/spy/56130313,2026-10-03,ACCEPT,,intelcorei712700kf,geforcertx5060ti16gb,REF-CPU-017-M,33914.0,REF-GPU-008,22619.0,15532.996651003032,-886.0033489969683,886.0033489969683,5.396207741013267
RUN-GAMING-159,Intel Core i5-14400F,NVIDIA GeForce RTX 4060,DISCRETE,32,DDR4,2128,MHz,Time Spy,Overall,10219.0,https://www.3dmark.com/spy/53195148,2026-10-03,ACCEPT,,intelcorei514400f,geforcertx4060,REF-CPU-018-M,25418.0,REF-GPU-014,19484.0,12152.637069068469,1933.637069068469,1933.637069068469,18.921979343071424
RUN-GAMING-160,Intel Core i5-14400F,NVIDIA GeForce RTX 5070,DISCRETE,32,DDR4,3192,MHz,Time Spy,Overall,20207.0,https://www.3dmark.com/spy/54492412,2026-10-03,ACCEPT,,intelcorei514400f,geforcertx5070,REF-CPU-018-M,25418.0,REF-GPU-009,28652.0,19550.613427056738,-656.3865729432619,656.3865729432619,3.248312826957301
